날짜,금융투자,보험,투신,사모,은행,기타금융,연기금,기타법인,개인,외국인,기타외국인,전체,기관합계
2020-08-10,-84249,-25036,-17237,3316,0,0,634,10817,381893,-270900,762,0,-111755
2020-08-11,44841,10006,68156,2088,0,0,0,15096,-103025,-35412,-1750,0,140187
2020-08-12,58651,83939,179128,60062,12112,3625,96763,58841,-786078,246852,-13895,0,553121
2020-08-13,19237,11052,32407,-5436,9453,0,180215,-22476,-117646,-101938,-4868,0,224452
2020-08-14,-5132,14769,14207,-20677,1717,-7283,16189,-12154,151200,-151889,-947,0,1636
2020-08-18,25473,-3163,-73557,-28963,0,0,-12321,15847,149458,-76042,3268,0,-76684
2020-08-19,-84845,-4516,14621,-5819,-59360,2888,-9048,-5556,167345,-21539,5829,0,-151635
2020-08-20,-78299,-5025,-74779,270,-8613,2000,-51856,15905,268382,-69685,1700,0,-200397
2020-08-21,1316,200,-36237,3,-13000,500,21464,-2332,11714,12580,3792,0,-28086
2020-08-24,16738,-4205,-14323,1497,0,500,-30000,200,-64957,94220,330,0,-29593
2020-08-25,16921,407,14883,9428,0,0,0,73654,-253944,139494,-843,0,115293
2020-08-26,-26629,-15530,-46685,-41939,-8465,0,48992,3041,44731,41181,1303,0,-87215
2020-08-27,-69162,-61405,-41105,-7368,0,0,-113372,-83215,273344,104024,-1741,0,-375627
2020-08-28,2206,-30257,-20443,17234,0,0,-26288,-3253,-48002,109017,-214,0,-60801
2020-08-31,30384,0,50393,1,0,0,28431,6650,-134414,18531,24,0,115859
2020-09-01,55971,-8,39203,7473,0,6819,31440,-547,-282317,143999,-2033,0,140351
2020-09-02,11190,-6978,-97534,-26468,0,19147,-31163,188752,-43563,-11967,-1416,0,56946
2020-09-03,31175,-1059,-29495,-58,0,1843,-24635,25331,-83867,59390,21375,0,3102
2020-09-04,-29457,-3411,-27393,-481,0,0,-53764,-2538,-140053,267605,-10508,0,-117044
2020-09-07,-17622,-19594,-6295,-2482,0,0,-57969,1734,-3510,104169,1569,0,-102228
2020-09-08,7339,13153,22924,10657,0,-3100,10308,107586,-298701,140590,-10756,0,168867
2020-09-09,-20225,-281,-26507,0,0,0,43392,-230,55461,-55254,3644,0,-3851
2020-09-10,3009,-9429,-49325,-5539,0,0,35466,-3756,-37205,71824,-5045,0,-29574
2020-09-11,-37883,0,-18553,-5393,0,-645,26059,97,51721,-15524,121,0,-36318
2020-09-14,-4872,-1977,-16929,-12234,0,0,0,-7322,29556,12924,854,0,-43334
2020-09-15,40420,-5386,-21828,-1831,0,0,0,63500,-116066,40990,201,0,74875
2020-09-16,-8500,117,-7017,-48167,0,0,0,10921,-30846,82770,722,0,-52646
2020-09-17,4128,9756,10443,20805,1142,-275,-30896,25967,-377752,340531,-3849,0,41070
2020-09-18,10066,-1372,-18778,21731,0,0,-1928,5084,52234,-66243,-794,0,14803
2020-09-21,-59520,-1030,9795,-1877,0,0,-4797,-24,29061,27323,1069,0,-57453
2020-09-22,-19233,1686,-8154,-415,0,0,30819,-1187,-22669,16591,2562,0,3516
2020-09-23,-953,-31,-5154,-2048,0,3308,43389,-3440,-26999,-6500,-1572,0,35071
2020-09-24,-21378,757,4612,-13706,0,0,8068,-162667,355773,-175794,4335,0,-184314
2020-09-25,2915,-2297,6058,0,0,1500,-30000,-93815,92889,22218,532,0,-115639
2020-09-28,47604,8569,12781,124,0,0,73624,-123973,-132277,116464,-2916,0,18729
2020-09-29,-5053,3494,963,394,0,0,283,-1600,-55171,60606,-3916,0,-1519
2020-10-05,14768,-262,4141,12463,0,0,-4995,67,-33587,7420,-15,0,26182
2020-10-06,-52360,-1313,-3088,-7130,0,0,-2166,108,185823,-121410,1536,0,-65949
2020-10-07,-14420,-29,-13835,0,0,0,1256,-5332,-7364,39802,-78,0,-32360
2020-10-08,-58045,-12407,2278,-1369,0,0,-900,90,91478,-21411,286,0,-70353
2020-10-12,45296,3168,-59185,-1336,0,1174,1500,1940,-149160,163139,-6536,0,-7443
2020-10-13,-22062,-5038,-1350,-303,0,-1500,859,207,83678,-54235,-256,0,-29187
2020-10-14,-46430,-5092,-6855,-4435,0,0,-386,-999,137753,-74652,1096,0,-64197
2020-10-15,-10058,-442,-72031,-2151,0,0,918,-14508,113001,-16035,1306,0,-98272
2020-10-16,-7981,-552,18897,-2220,0,0,-15287,3242,19579,-15712,34,0,-3901
2020-10-19,43383,10058,51679,38098,0,0,34134,-1724,-202840,28260,-1048,0,175628
2020-10-20,-9541,-25111,-20116,-3309,0,-10233,-2721,-5478,80045,-3542,6,0,-76509
2020-10-21,27382,-263,-172888,11309,0,0,1620,3940,105144,19774,3982,0,-128900
2020-10-22,-46102,-42700,-27078,-8640,0,-3589,-33746,-5278,199025,-31746,-146,0,-167133
2020-10-23,21018,-25251,19464,0,0,-4792,-20745,-12152,32507,-10509,460,0,-22458
2020-10-26,-7256,-17886,-42506,-47483,0,0,600,2189,134040,-21594,-104,0,-112342
2020-10-27,2339,252,-1464,810,0,0,-1264,1352,-120625,121390,-2790,0,2025
2020-10-28,15937,225,6049,242,0,0,0,-930,-95026,73570,-67,0,21523
2020-10-29,29566,-41706,-5779,-30680,0,0,-16685,220,73953,-8963,74,0,-65064
2020-10-30,-31638,-19429,-9306,2,0,0,-68668,3555,187458,-59456,-2518,0,-125484
2020-11-02,43224,66,3725,0,0,0,2037,1104,-55826,5144,526,0,50156
2020-11-03,26207,-22252,7138,1304,0,-5913,-25239,7018,-1152,12881,8,0,-11737
2020-11-04,12046,-44270,-4601,4420,0,-8151,-57876,240,88641,9449,102,0,-98192
2020-11-05,47042,-18640,6899,735,0,-4965,-22120,-281,-48314,39561,83,0,8670
2020-11-06,-118813,-46540,-85065,-7997,0,0,-85166,98,304686,32969,5828,0,-343483
2020-11-09,17733,-2224,-7001,-3136,0,0,-2072,3089,-73783,67724,-330,0,6389
2020-11-10,7986,219888,195013,196853,9290,19004,201231,-65313,-784431,12086,-11607,0,783952
2020-11-11,40083,15426,15966,-12140,0,1463,90745,30519,-144361,-37176,-525,0,182062
2020-11-12,-31858,-17948,-13558,-6140,0,0,66271,-8978,-76042,87960,293,0,-12211
2020-11-13,29646,-4539,-1441,-6812,0,0,480,4011,2709,-24114,60,0,21345
2020-11-16,32532,-10300,-16852,103,0,-11904,9366,1921,-95481,89756,859,0,4866
2020-11-17,-27857,36498,42140,68074,2500,3159,82818,-43316,-87311,-73826,-2879,0,164016
2020-11-18,21619,-2381,-6456,1888,0,0,13908,5536,-51701,18734,-1147,0,34114
2020-11-19,-13221,-2040,32849,-16456,0,0,44706,-11421,-6396,-32240,4219,0,34417
2020-11-20,29604,3648,2109,3441,-500,0,58395,4399,-56096,-44643,-357,0,101096
2020-11-23,-45416,-14162,-10698,10098,-1250,0,12980,1753,286503,-234346,-5462,0,-46695
2020-11-24,19454,86364,-5580,26663,-500,0,55766,3164,-209018,21303,2384,0,185331
2020-11-25,-45895,102805,-5591,49096,0,0,108103,-11154,-255282,33700,24218,0,197364
2020-11-26,-3814,25883,-22806,15789,0,0,44035,2819,192737,-254513,-130,0,61906
2020-11-27,25305,7,-17249,-9282,-3010,0,-133,3014,-51815,51367,1796,0,-1348
2020-11-30,-91181,10254,-11970,-40228,0,0,-1708,-13025,195428,-50862,3292,0,-147858
2020-12-01,-27683,18781,46915,-10020,0,0,71986,2247,-281694,184475,-5007,0,102226
2020-12-02,66613,18295,98828,16381,2286,0,14133,30047,-159958,-85341,-1284,0,246583
2020-12-03,239,905,-7444,-14705,733,0,-15586,-1360,36732,342,144,0,-37218
2020-12-04,-13980,-3228,-23205,-2560,0,-10165,30811,-2168,33319,-10413,1589,0,-24495
2020-12-07,9871,1077,19493,-391,0,0,17974,-11546,-81805,44082,1245,0,36478
2020-12-08,4032,6005,-6513,-412,0,0,61835,3483,-58359,14562,-24633,0,68430
2020-12-09,6780,-2030,-3164,-2172,0,0,-2218,5291,52377,-56675,1811,0,2487
2020-12-10,43316,38559,7590,-38537,0,-676,27462,10733,-294498,205466,585,0,88447
2020-12-11,-17366,1556,47211,-1994,0,15000,-11313,-9377,47848,-69604,-1961,0,23717
2020-12-14,-969,11833,-9925,-26336,0,0,-13492,-8166,26772,19174,1109,0,-47055
2020-12-15,-25060,227,-6389,-222,0,-2708,2440,2211,-41159,76235,-5575,0,-29501
2020-12-16,19802,-43,-14971,30623,0,0,-34866,22303,-177,-21554,-1117,0,22848
2020-12-17,-18693,-18,-34916,-392,-4114,0,-14391,926,99377,-30007,2228,0,-71598
2020-12-18,2630,22394,-3211,3508,0,0,-38282,5,-36160,49547,-431,0,-12956
2020-12-21,7748,-233,-20299,-95,0,0,-531,-35995,14182,35754,-531,0,-49405
2020-12-22,-60899,-5026,-17305,-71,0,0,-21520,8144,120537,-25556,1696,0,-96677
2020-12-23,-10981,-51013,-87063,0,0,0,-120753,2299,154145,115407,-2041,0,-267511
2020-12-24,91177,-332,7518,-4,0,0,-11295,3015,-166357,79554,-3276,0,90079
2020-12-28,182993,2028,-61789,-4000,5985,0,-28370,-2200,-59654,-33204,-1789,0,94647
2020-12-29,-48300,3872,19164,-1206,0,4050,-3535,5322,-31373,36431,15575,0,-20633
2020-12-30,6927,-1162,11418,-357,0,1006,-16079,676,-60961,61477,-2945,0,2429
2021-01-04,-65986,-20499,-5783,-3367,0,0,1375,2668,109664,-19947,1875,0,-91592
2021-01-05,-53302,-26041,3650,-226,0,0,-7123,1806,91910,-12595,1921,0,-81236
2021-01-06,118107,-12113,51267,-250,0,0,-4753,-6407,-224733,79166,-284,0,145851
2021-01-07,-103074,-4153,-27147,-402,0,0,-10268,0,228565,-83612,91,0,-145044
2021-01-08,-22043,-1747,-2857,-430,0,0,60555,-1115,-109835,72794,4678,0,32363
2021-01-11,-59270,-8349,-47858,-181,0,0,-21871,-11581,149374,-1008,744,0,-149110
2021-01-12,1346,-5150,87498,0,0,0,-4703,44385,-218408,95762,-730,0,123376
2021-01-13,-25344,-2377,-13754,4811,0,-2631,96139,298099,-421901,67502,-544,0,354943
2021-01-14,1532,7646,21993,24985,0,0,45786,-155591,28677,23498,1474,0,-53649
2021-01-15,-34062,-9498,-24171,28290,0,0,45989,373018,-232356,-127936,-19274,0,379566
2021-01-18,55540,-25244,-46166,-10852,0,0,-222053,-304854,553241,1407,-1019,0,-553629
2021-01-19,23546,-2947,-44110,-4893,0,0,-67542,315379,-243087,22900,754,0,219433
2021-01-20,47545,-3676,-8144,6484,0,0,7159,-217215,116459,50653,735,0,-167847
2021-01-21,-33477,-11503,-48968,322,0,0,-68970,-3052,171067,-7156,1737,0,-165648
2021-01-22,-25112,897,78045,92105,0,0,116731,284177,-549377,4444,-1910,0,546843
2021-01-25,99045,-2285,38146,29773,0,-2468,17778,-209192,-102556,116644,15115,0,-29203
2021-01-26,-114688,-271,-16523,-21378,0,-495,-2509,-330101,587445,-109397,7917,0,-485965
2021-01-27,-52798,-1828,-15784,-989,0,0,-280,236221,-102199,-55399,-6944,0,164542
2021-01-28,-32811,-1953,-28324,-2701,0,-1174,-276,293928,-156313,-71628,1252,0,226689
2021-01-29,21032,14690,-34355,10317,0,-1582,8888,147362,29034,-194843,-543,0,166352
2021-02-01,55524,-79,133,-309,0,0,253,24333,15220,-96971,1896,0,79855
2021-02-02,13222,-19001,-15392,-41960,0,-1674,-54801,11290,188022,-79479,-227,0,-108316
2021-02-03,25634,-1805,-504,26087,0,0,-27930,161292,90402,-271426,-1750,0,182774
2021-02-04,-24529,-298,-6548,10057,0,0,-1746,385155,-176057,-186564,530,0,362091
2021-02-05,-13392,-1131,8513,9988,0,0,-4318,392614,-130124,-261541,-609,0,392274
2021-02-08,97525,976,56589,9972,0,0,-1656,107114,-42182,-226737,-1601,0,270520
2021-02-09,-74107,-81,-17395,4769,0,0,-38047,245499,285753,-407361,970,0,120638
2021-02-10,-19890,369,-17212,-17808,0,0,-39381,277932,50205,-237207,2992,0,184010
2021-02-15,35315,-2197,-9409,61953,-11229,0,-29640,206420,-148222,-105983,2992,0,251213
2021-02-16,45300,16014,-2827,-1430,0,0,3416,36406,-122055,25518,-342,0,96879
2021-02-17,26104,-83,-27773,-3613,0,0,-201,-6434,87416,-76273,857,0,-12000
2021-02-18,14703,17169,-101759,4745,0,0,2865,113414,-35283,-15163,-691,0,51137
2021-02-19,-25203,-41296,-46960,-1,0,0,-3998,-585708,666873,32567,3726,0,-703166
2021-02-22,9391,-97,2640,40823,0,0,-14368,-225348,52445,131525,2989,0,-186959
2021-02-23,301534,22209,7050,351794,0,0,7681,-356416,-1347491,1025279,-11640,0,333852
2021-02-24,227353,41093,65173,20279,13272,882,-62766,-94170,-73136,-134921,-3059,0,211116
2021-02-25,17654,19787,-13214,11213,1595,0,-1098,80475,162776,-279219,31,0,116412
2021-02-26,-30594,1575,5525,42336,2016,1047,77596,-433478,393189,-58108,-1104,0,-333977
2021-03-02,6355,9328,22772,-39,-8134,0,35378,385197,-278611,-173388,1142,0,450857
2021-03-03,10171,-1715,49312,224,566,0,7081,-47189,-52857,36024,-1617,0,18450
2021-03-04,-27750,79859,202875,11250,5413,0,104988,320429,-777445,80849,-468,0,697064
2021-03-05,9907,10457,-13784,-3020,268,0,7612,161983,-143369,-30775,721,0,173423
2021-03-08,-76308,-5159,6908,-99019,468,0,17125,143589,63525,-51855,726,0,-12396
2021-03-09,8629,401,31883,30895,12459,1116,11969,-112392,-98838,113389,489,0,-15040
2021-03-10,-17471,-20235,-4125,15276,-1932,-4092,-36263,72297,26569,-30226,202,0,3455
2021-03-11,-152264,-731,50594,58604,0,0,-44493,183874,-162274,67547,-857,0,95584
2021-03-12,11171,-11772,-21198,-24733,139,-1185,-24776,99426,-23859,-3236,23,0,27072
2021-03-15,33395,-1876,14983,3841,0,0,-5786,-178594,119811,13501,725,0,-134037
2021-03-16,41960,17449,72302,-9323,5807,0,16832,-218974,-40326,116929,-2656,0,-73947
2021-03-17,-125831,16581,-19331,-98483,0,0,9575,45037,189273,-17758,937,0,-172452
2021-03-18,-156244,-3504,-3480,-67032,0,0,9226,-239628,432701,24195,3766,0,-460662
2021-03-19,-31102,23652,-19955,-43431,0,2086,-13124,30418,96864,-46835,1427,0,-51456
2021-03-22,7952,17770,-7096,-18084,2042,1566,3059,360138,-310942,-55846,-559,0,367347
2021-03-23,-10808,19907,17312,-9518,0,1740,2092,20667,14527,-55856,-63,0,41392
2021-03-24,6063,11720,-1660,-1247,0,1027,19000,127055,-136176,-26558,776,0,161958
2021-03-25,-22931,11690,-6152,3251,0,1022,22895,162836,-131717,-24294,-16600,0,172611
2021-03-26,-1452,-7849,-18359,-6994,0,-504,-16487,-303750,400938,-48012,2469,0,-355395
2021-03-29,-22254,-27737,-38041,-20913,-1018,0,-3973,32599,163785,-82194,-254,0,-81337
2021-03-30,26306,-33050,2895,-2716,0,1097,-12516,-734179,888033,-199753,63883,0,-752163
2021-03-31,-7554,-30454,-25005,0,0,0,-44925,10780,241479,-145470,1149,0,-97158
2021-04-01,35512,43976,55849,4296,9481,0,237,-72727,16236,-93369,509,0,76624
2021-04-02,-47604,9748,-36407,-141744,2482,-224,-58210,-365620,704161,-70746,4164,0,-637579
2021-04-05,1698,-1799,-19638,-2537,-9942,0,-10262,-7028,58425,-8582,-335,0,-49508
2021-04-06,20688,1173,-5499,-19186,0,0,2438,15893,-18934,1780,1647,0,15507
2021-04-07,-9696,17481,-2450,10393,-810,0,-56209,10920,66920,-37027,478,0,-30371
2021-04-08,9870,-10258,-17462,-1972,0,-336,-12686,322384,-199862,-30152,-59526,0,289540
2021-04-09,-40009,-4973,-11173,-5000,-4565,-755,-28844,60929,86525,-54232,2097,0,-34390
2021-04-12,-29526,-16173,-79788,-39305,-3445,-1880,8859,77350,102405,-22573,4076,0,-83908
2021-04-13,-12528,-1562,-31377,-572,0,0,1601,107620,-43310,-19529,-343,0,63182
2021-04-14,-35510,-62,-42586,-51006,-14659,0,-17778,-247974,425998,-17883,1460,0,-409575
2021-04-15,-19374,-14343,-13611,-286,0,0,-23573,-474307,535596,4365,5533,0,-545494
2021-04-16,-12364,-19255,6764,-973,0,-107,-9051,-87961,117822,1646,3479,0,-122947
2021-04-19,-9916,-24253,-33664,0,0,-503,-41931,687,146457,-37616,739,0,-109580
2021-04-20,10766,18123,-5424,-917,0,-110,-4513,546,-73667,54679,517,0,18471
2021-04-21,-54917,-39,-14023,-802,6307,0,532,29729,105362,-68273,-3876,0,-33213
2021-04-22,-8369,18720,11195,0,0,-615,-22264,52762,-40212,-11694,477,0,51429
2021-04-23,-23521,10608,-26358,-34735,6336,-2233,-7286,192298,-104196,-7926,-2987,0,115109
2021-04-26,40187,16350,56614,-3713,3117,0,-14683,137837,-271044,35579,-244,0,235709
2021-04-27,9162,1906,-14079,56502,0,0,-14160,156821,-122074,-75198,1120,0,196152
2021-04-28,130665,29848,-4923,0,0,0,-55587,138043,-170155,-68146,255,0,238046
2021-04-29,102596,-1033,39951,166815,0,8667,62672,168136,-632924,86877,-1757,0,547804
2021-04-30,76413,-100118,36277,639531,-31093,4868,53417,-130375,-629333,90791,-10378,0,548920
2021-05-03,-17001,-27839,-311,-2349,-8290,0,35145,659119,-303991,-332671,-1812,0,638474
2021-05-04,70044,39367,45866,-27651,3807,1025,160403,214881,-72032,-433631,-2079,0,507742
2021-05-06,19359,4919,49494,-16150,910,0,43611,295494,-304082,-94345,790,0,397637
2021-05-07,-66346,-11239,-4828,0,0,-864,65787,182377,199,-163141,-1945,0,164887
2021-05-10,30173,53683,218940,32551,0,3568,102842,-179867,-336287,84177,-9780,0,261890
2021-05-11,-20920,34403,161584,6688,0,-589,116095,-398643,50661,50302,419,0,-101382
2021-05-12,-20322,33322,20500,-15657,1332,0,5951,163153,-73827,-113868,-584,0,188279
2021-05-13,-105852,15105,117175,203996,0,890,27263,212952,-427216,-46842,2529,0,471529
2021-05-14,63184,3814,50593,89571,5931,0,47754,-257037,30514,-34234,-90,0,3810
2021-05-17,3832,28999,47187,34942,0,1027,15445,-80963,-59345,7553,1323,0,50469
2021-05-18,1295,-2775,5166,47555,0,0,63104,137872,-171798,-80443,24,0,252217
2021-05-20,24690,2603,8136,76363,0,0,483,86498,-236511,41391,-3653,0,198773
2021-05-21,-54066,-66775,-16120,-237459,0,0,-9806,-430813,684094,125415,5530,0,-815039
2021-05-24,-22022,37312,24523,-78699,0,0,9926,3544,-31974,57108,282,0,-25416
2021-05-25,77813,2131,18176,12574,0,0,63481,-39297,-326716,190624,1214,0,134878
2021-05-26,33884,15283,11217,998,0,0,62846,113659,-289289,50743,659,0,237887
2021-05-27,-28689,17980,3129,-15115,1298,1991,-21365,323808,-181181,-100114,-1742,0,283037
2021-05-28,-25627,-13820,-40967,12,0,-993,24035,225794,-84230,-84004,-200,0,168434
2021-05-31,53490,2633,67085,-6404,0,0,27212,-254907,-102443,212850,484,0,-110891
2021-06-01,-63223,-13194,-12324,-356335,0,-1486,24626,403109,226213,-221170,13784,0,-18827
2021-06-02,53014,9302,53425,12075,0,0,20664,89746,-423038,198628,-13816,0,238226
2021-06-03,1106,5359,20509,-11797,0,0,7689,44040,-125887,59492,-511,0,66906
2021-06-04,-16201,-7012,2481,-407065,0,1000,-80815,-526740,904051,118281,12020,0,-1034352
2021-06-07,-11916,-26344,-8686,50620,0,0,35292,40113,-65436,-14084,441,0,79079
2021-06-08,8363,-4493,-11797,0,0,-1010,-20547,142501,-126204,13263,-76,0,113017
2021-06-09,51443,6453,18048,14317,0,0,0,-168501,-5413,96018,-12365,0,-78240
2021-06-10,181337,-19228,-59303,10470,0,-1473,9493,-225474,312572,-206649,-1745,0,-104178
2021-06-11,-5651,-51996,-26111,11261,0,0,24193,-98334,289066,-142362,-66,0,-146638
2021-06-14,-12155,-36682,-50862,-8925,0,0,-12696,-187896,314802,-7598,2012,0,-309216
2021-06-15,-11841,-31133,-25330,-45,0,-297,19636,-99034,114646,32909,489,0,-148044
2021-06-16,-5722,-6720,-32406,-4039,0,0,-30769,377658,-195895,-99431,-2676,0,298002
2021-06-17,32523,-1975,30981,14122,0,0,0,139029,-322277,107360,237,0,214680
2021-06-18,-6119,-40688,-9577,-1003,0,0,-4532,99629,-13067,-24839,196,0,37710
2021-06-21,-55634,-39603,-48203,-164485,-7229,-1755,-104474,143483,321032,-50489,7357,0,-277900
2021-06-22,-3039,-33059,-3952,-10379,0,0,-9531,344162,-325800,42298,-700,0,284202
2021-06-23,20695,-30949,-70652,-171616,0,-1139,-29348,266413,109374,-94384,1606,0,-16596
2021-06-24,-13294,-4979,-69879,-118024,-11499,0,-112122,276173,31680,23467,-1523,0,-53624
2021-06-25,6801,-20475,3534,-6972,0,-1662,-6410,-11990,-2694,42335,-2467,0,-37174
2021-06-28,50439,-8414,3293,6,0,-1072,-5711,-114034,21284,58313,-4104,0,-75493
2021-06-29,-13452,2527,15402,-21150,0,-661,-96860,-330960,318539,124963,1652,0,-445154
2021-06-30,12141,8102,-1763,-37091,0,-664,-3994,-164372,190931,-3630,340,0,-187641
2021-07-01,-38562,-52560,-39821,-2714,0,-2287,-37688,223387,18971,-70121,1395,0,49755
2021-07-02,-12897,-30213,-54588,-54090,0,-2434,-99590,202150,105704,-54722,680,0,-51662
2021-07-05,28447,20,-27104,-675,0,0,-71221,204353,-166210,32319,71,0,133820
2021-07-06,14544,8709,31968,6169,0,-1335,14249,27230,-213679,113573,-1428,0,101534
2021-07-07,-6137,-30,-29669,-232,0,-2123,-17090,-341808,581241,-184546,394,0,-397089
2021-07-08,-134606,738,-12211,-5075,0,0,-11335,-382891,426539,119881,-1040,0,-545380
2021-07-09,84772,-4270,5188,47366,0,0,-22848,-597168,185390,301123,447,0,-486960
2021-07-12,-1553,-6224,-19368,-5040,0,0,-26416,-64429,92336,30702,-8,0,-123030
2021-07-13,38110,-1439,12241,7625,0,397,-14770,-71790,20981,2679,5966,0,-29626
2021-07-14,-30485,-6979,-11221,-7223,0,0,-29752,-418938,553308,-51824,3114,0,-504598
2021-07-15,2702,-8966,-75788,-1208,0,0,0,-7845,92325,-1475,255,0,-91105
2021-07-16,-8030,0,-91970,-59513,0,0,7101,-104993,425317,-168468,556,0,-257405
2021-07-19,-39712,-19229,-99596,43644,0,5,-21774,-8140,201518,-57245,529,0,-144802
2021-07-20,31438,1510,-42376,-21028,0,3,1818,1273,36160,-8199,-599,0,-27362
2021-07-21,-41051,-5,-72161,7830,0,2,-64742,107424,244591,-190220,8332,0,-62703
2021-07-22,210325,-18410,-35180,14138,0,0,-99324,-266519,16956,177462,552,0,-194970
2021-07-23,1942,19,7304,-51952,0,-1562,-56980,149365,85277,-134027,614,0,48136
2021-07-26,452,-44,-20913,-22717,0,3,-124520,55750,170245,-58415,159,0,-111989
2021-07-27,9278,-9,295,-99479,0,-1536,0,208169,-147280,21449,9113,0,116718
2021-07-28,20516,-31504,-7484,-2644,0,2,-69165,156394,-7494,-64870,6249,0,66115
2021-07-29,7526,4943,-37997,-22340,0,2,-36046,250321,-134929,-36964,5484,0,166409
2021-07-30,27584,-1405,-25121,-1857,0,7,-64342,-448606,359803,140749,13188,0,-513740
2021-08-02,-8925,-71,5986,-320,0,0,-59712,-342708,384693,20572,485,0,-405750
2021-08-03,11216,-1330,-1744,-1154,0,0,4955,-152613,120992,18430,1248,0,-140670
2021-08-04,-29853,-17532,-75497,-2980,0,0,-26404,-22898,-43713,218715,162,0,-175164
2021-08-05,-5219,-33,-2149,-540,0,1,-34554,16620,132297,-107495,1072,0,-25874
2021-08-06,-114132,-62,17544,-916,0,-4,1991,12,151587,-55725,-295,0,-95567
2021-08-09,-34846,-214,-46221,-1048,0,-9997,10601,169,61006,20071,479,0,-81556
2021-08-10,-14886,-18449,-1,484,0,0,3045,-233192,207468,54604,927,0,-262999
2021-08-11,-85507,-235,-14802,-3630,0,0,0,-7430,110856,753,-5,0,-111604
2021-08-12,-131099,741,-1320,-2591,0,-7464,-15337,571374,13214,-428699,1181,0,414304
2021-08-13,-7975,109,-12538,-1333,0,5,530,179338,-95636,-62740,240,0,158136
2021-08-17,-110032,-13967,-23482,-2138,0,12,-265,197239,135402,-183917,1148,0,47367
2021-08-18,-122667,-789,-2960,-6955,0,3,-34248,90948,6993,69744,-69,0,-76668
2021-08-19,24469,-21581,-27479,-2284,0,0,-22931,-194912,151294,93131,293,0,-244718
2021-08-20,-32457,6690,-1796,-589,300,0,-6333,119697,-90519,4977,30,0,85512
2021-08-23,36515,-230,588,11575,0,0,-6694,-12549,-73531,44686,-360,0,29205
2021-08-24,24845,4338,-1063,-2444,0,0,14301,1011,-166231,125333,-90,0,40988
2021-08-25,-5769,-21,-197,115,0,0,-44544,71629,35726,-57105,166,0,21213
2021-08-26,17083,79,-1,-2039,0,0,5104,160453,-111638,-68763,-278,0,180679
2021-08-27,-8275,-91,-1034,0,0,0,0,162130,-88908,-61789,-2033,0,152730
2021-08-30,-27764,-4052,32037,13781,0,10580,4164,2794,22798,-53827,-511,0,31540
2021-08-31,21283,17,-2048,3902,0,0,3631,139658,-154825,-14433,2815,0,166443
2021-09-01,-37059,-3513,-4722,-988,0,0,0,72871,37179,-58167,-5601,0,26589
2021-09-02,61002,23649,38323,117814,0,0,93456,-427684,27131,73710,-7401,0,-93440
2021-09-03,-34533,-1449,-5895,959,0,0,-68264,260356,-68209,-82747,-218,0,151174
2021-09-06,-2951,-298,-15122,-82489,0,0,-68925,-512873,505902,176150,606,0,-682658
2021-09-07,5798,-505,-10467,-1017,0,0,-14019,28406,-50978,42500,282,0,8196
2021-09-08,10453,36,-38585,-1746,0,0,-60931,261535,-138831,-30488,-1443,0,170762
2021-09-09,19384,16,8965,-26432,0,1190,-36977,194701,160667,-321529,15,0,160847
2021-09-10,-1777,524,34832,78262,0,1190,-84912,278574,-346124,39429,2,0,306693
2021-09-13,-30932,-9971,13854,-18248,0,0,-54203,167368,202182,-270883,833,0,67868
2021-09-14,27672,191,32259,31328,0,0,-52197,-88486,-44050,98359,-5076,0,-49233
2021-09-15,-87234,22772,2442,-95748,-630,681,-52164,30357,-322827,500726,1625,0,-179524
2021-09-16,-40715,-4612,-7295,-188382,905,713,-67187,325314,184983,-204549,825,0,18741
2021-09-17,53396,-12991,-55493,-48600,591,772,1635,-487800,649687,-105868,4671,0,-548490
2021-09-23,20751,13,-3041,-22588,0,-683,0,24374,-420519,403410,-1717,0,18826
2021-09-24,-2823,-1882,4833,-1522,0,2924,0,-226260,328673,-102473,-1470,0,-224730
2021-09-27,7780,0,-2577,-868,0,0,-6916,61063,-28145,-26973,-3364,0,58482
2021-09-28,-21990,-1640,-1965,-24493,0,0,-9523,151229,-95576,5175,-1217,0,91618
2021-09-29,20288,-8,7650,-28136,0,437,104,55197,-10427,-44902,-203,0,55532
2021-09-30,-23908,-4413,0,-2474,0,0,-18164,113775,-58427,-6103,-286,0,64816
2021-10-01,-11951,-34968,-2825,-3142,0,0,-26116,179104,26410,-126471,-41,0,100102
2021-10-05,217064,-173,3634,6788,276,-20,3239,-459903,-109548,348627,-9984,0,-229095
2021-10-06,107438,-48,-75432,-22995,0,0,0,229098,89734,-330773,2978,0,238061
2021-10-07,56992,-5,-11862,-5905,0,0,-52729,181587,-148392,-17878,-1808,0,168078
2021-10-08,-3765,-346,-2841,576,0,0,-61521,-29976,78981,19256,-364,0,-97873
2021-10-12,17773,-35,-1157,-13565,0,0,530,-101330,158211,-66671,6244,0,-97784
2021-10-13,-13601,-94,6868,-858,0,-6,732,-70468,-27735,105427,-265,0,-77427
2021-10-14,-136696,-427,-7775,-5939,-600,-20,-28,-343000,332096,161623,766,0,-494485
2021-10-15,91831,-4,1068,-2270,0,-6,5890,37006,-255262,121259,488,0,133515
2021-10-18,-10853,2431,3081,5427,836,0,38997,61471,-18757,-86792,4159,0,101390
2021-10-19,681,-39,0,-119,0,0,13039,206065,-46205,-175840,2418,0,219627
2021-10-20,56094,-464,60330,741,0,0,-13989,2299,-92108,-11777,-1126,0,105011
2021-10-21,12111,-862,5829,-1151,0,0,0,210243,-108516,-116250,-1404,0,226170
2021-10-22,21349,-30,-784,-481,0,0,-82,292525,-67188,-245249,-60,0,312497
2021-10-25,19931,3621,44185,-2000,0,1286,1910,178178,-245760,172,-1523,0,247111
2021-10-26,30955,-52,3198,-17738,0,0,-646,69400,-58040,-26705,-372,0,85117
2021-10-27,-18070,-1451,-5260,-357,0,0,14337,-239685,178554,71642,290,0,-250486
2021-10-28,-31189,-1063,-125,-107,0,0,-3817,257915,-122695,-99183,264,0,221614
2021-10-29,-167662,193,-3394,-783,0,0,-7167,156621,181107,-158951,36,0,-22192
2021-11-01,13157,0,-1701,653,0,-14204,0,-1171,30758,-26558,-934,0,-3266
2021-11-02,-10144,-131,-3707,-3500,0,0,839,158299,-151241,6420,3165,0,141656
2021-11-03,-48117,-906,-40335,-9916,-6304,0,-11601,45700,241501,-175827,5805,0,-71479
2021-11-04,8799,-2880,28733,41613,0,0,-6591,121087,-19891,-171727,857,0,190761
2021-11-05,-26331,-87,-162,-8816,0,0,-27799,-303096,249151,115860,1280,0,-366291
2021-11-08,-37749,1281,27010,24346,0,0,13626,13396,-294663,258315,-5562,0,41910
2021-11-09,-45398,353,1803,500,0,0,-1000,-3739,22750,47468,-22737,0,-47481
2021-11-10,-27322,-48,-561,1739,0,0,5394,20010,-9011,9695,104,0,-788
2021-11-11,-4351,-56,-3762,214,0,0,0,134644,-39960,-85555,-1174,0,126689
2021-11-12,5420,-223,2247,-194,0,0,0,166525,-103892,-68728,-1155,0,173775
2021-11-15,12380,-191,-10138,824,0,0,-30095,-138506,190008,-23941,-341,0,-165726
2021-11-16,8635,-57,-4757,-300,0,0,4842,-19205,69107,-59206,941,0,-10842
2021-11-17,-2366,-135,-2817,257,0,0,-19650,10178,153624,-141157,2066,0,-14533
2021-11-18,25191,-1115,-5138,1418,0,0,-4981,4462,98685,-119490,968,0,19837
2021-11-19,4812,-977,-3023,-428,0,0,809,-3126,20464,-17260,-1271,0,-1933
2021-11-22,15174,-5132,-13296,-214,0,0,-144146,219637,-16052,-56510,539,0,72023
2021-11-23,-18061,-232,-10838,44384,0,0,-180,35485,49901,-100367,-92,0,50558
2021-11-24,-37903,-19023,-95287,-5134,0,0,3173,17430,292482,-156958,1220,0,-136744
2021-11-25,2746,-6461,-82833,-11586,0,1235,-95911,-15707,170682,38381,-546,0,-208517
2021-11-26,-28241,304,-1256,-82357,0,0,-79769,-12497,61485,141568,763,0,-203816
2021-11-29,-5219,-21775,-5246,-154540,0,0,-29534,-13864,-50415,278632,1961,0,-230178
2021-11-30,8444,-4595,-35817,65721,0,-761,-23361,-27209,-25108,43022,-336,0,-17578
2021-12-01,-14910,6823,1541,-10524,0,0,-6800,3304,-94107,114972,-299,0,-20566
2021-12-02,-26587,-11701,-7524,-2284,0,0,-6801,4,37322,17252,319,0,-54893
2021-12-03,-5423,-5825,-5774,-7208,0,-6926,-10885,-1906,144832,-100878,-7,0,-43947
2021-12-06,-6337,-5729,0,-4221,0,-240,-1530,6705,-4927,19168,-2889,0,-11352
2021-12-07,16650,-2539,20357,55391,0,0,-8788,2333,-39267,-43811,-326,0,83404
2021-12-08,18538,-146,-17546,0,0,0,0,9374,18337,-33009,4452,0,10220
2021-12-09,86660,13,-16906,-130,0,0,-2556,-1185,-59601,-5724,-571,0,65896
2021-12-10,-16012,-375,-1225,4428,0,0,-7297,40853,40800,-60631,-541,0,20372
2021-12-13,-11674,-32,12187,966,0,0,-69,50055,12456,-58980,-4909,0,51433
2021-12-14,2631,-98,-2058,-505,0,0,0,-5380,-53291,59023,-322,0,-5410
2021-12-15,3105,5,-286,-562,0,0,500,0,-33053,30291,0,0,2762
2021-12-16,7210,-67,-8406,-8418,0,0,-3757,-65,39522,-26227,208,0,-13503
2021-12-17,-13596,922,4153,-1872,0,0,-500,-249,-30583,41840,-115,0,-11142
2021-12-20,-14749,-362,-5161,-12997,0,0,-6744,-81,54860,-18580,3814,0,-40094
2021-12-21,12782,-566,-15427,2540,0,0,-6682,20960,-38553,24901,45,0,13607
2021-12-22,3093,30,-3569,28431,0,0,9285,-20171,-46599,29461,39,0,17099
2021-12-23,24922,-657,-2944,59517,0,-1000,-8633,0,-32605,-38463,-137,0,71205
2021-12-24,46922,-486,-14320,3512,0,0,-14212,453,-604,-21360,95,0,21869
2021-12-27,69722,-105,-657,-18,0,0,24532,25,-93224,26,-301,0,93499
2021-12-28,163833,2720,111,12529,0,0,3586,-19879,-220026,57410,-284,0,162900
2021-12-29,-99984,-9759,-7957,-1662,0,0,0,220,126783,-7207,-434,0,-119142
2021-12-30,-67917,-2,-5344,-764,0,-672,-255,3,89160,-14245,36,0,-74951
2022-01-03,-5114,-49,-95,-2356,0,0,0,-844,24519,-17647,1586,0,-8458
2022-01-04,-45419,0,1667,476,0,0,0,24,39952,3330,-30,0,-43252
2022-01-05,-4369,44,-6124,312,0,0,0,752,-14810,24165,30,0,-9385
2022-01-06,-3291,268,2715,177,0,0,0,2984,-66186,64828,-1495,0,2853
2022-01-07,-9764,-155,3780,-906,0,0,-105,1513,18854,-13165,-52,0,-5637
2022-01-10,-25003,0,-15796,-79,0,0,-3525,-4472,103362,-55168,681,0,-48875
2022-01-11,-6446,-749,-182,-48,0,0,0,-17,-11578,19135,-115,0,-7442
2022-01-12,60320,-6199,9966,-1222,0,0,-4752,5,-123905,66027,-240,0,58118
2022-01-13,120249,0,46327,3795,0,0,-6595,-4,-293384,129888,-276,0,163772
2022-01-14,13873,6239,5981,-4549,0,0,-3456,14,80969,-98633,-438,0,18102
2022-01-17,37720,148,-649,-354,0,0,-3042,-185,-53630,19691,301,0,33638
2022-01-18,32924,-276,-3327,-300,0,0,-1388,2,-52798,25076,87,0,27635
2022-01-19,-5316,-24566,-1668,-4888,0,0,-2670,1993,98411,-61195,-101,0,-37115
2022-01-20,24665,90,10002,-501,0,0,-9000,-553,-87720,63411,-394,0,24703
2022-01-21,-11938,-4,19281,-1566,0,0,0,-3488,5540,-7524,-301,0,2285
2022-01-24,43282,-438,-1339,6,0,0,-5834,-889,13548,-48625,289,0,34788
2022-01-25,26413,37,7520,13788,0,0,0,-3827,-54158,9495,732,0,43931
2022-01-26,39225,-351,6186,23068,0,0,-9554,-499,-80454,22512,-133,0,58075
2022-01-27,-12501,1424,6339,-536,0,556,0,182,68756,-64205,-15,0,-4536
2022-01-28,36984,-144,10320,8855,0,0,-6320,-288,-144159,95187,-435,0,49407
2022-02-03,-4938,85,13262,-28687,0,0,-11846,-12,22329,10927,-1120,0,-32136
2022-02-04,64944,35704,65265,47824,0,0,48663,23312,-397652,112686,-746,0,285712
2022-02-07,20383,13372,109086,113160,0,776,32742,-17147,-340294,74931,-7009,0,272372
2022-02-08,29629,9133,109310,17258,-4500,0,30015,2107,-203474,10050,472,0,192952
2022-02-09,26946,1167,13288,-23304,0,410,1646,-27496,154388,-147759,714,0,-7343
2022-02-10,-22397,614,543,14671,0,162,34449,6131,-39720,3138,2409,0,34173
2022-02-11,26292,1809,17603,1082,0,0,18452,-4483,1648,-63137,734,0,60755
2022-02-14,39462,503,22857,52309,0,-150,28163,1801,-158728,12725,1058,0,144945
2022-02-15,-31281,-140,12401,-23586,0,0,4850,-7159,24423,20338,154,0,-44915
2022-02-16,-800,2524,119611,97238,0,0,21024,-2718,-238124,1916,-671,0,236879
2022-02-17,42969,2733,58529,110322,0,0,48307,-744,-434451,172494,-159,0,262116
2022-02-18,-9980,15357,12283,66134,0,0,-2572,480,32124,-113814,-12,0,81702
2022-02-21,-6159,18975,5241,73481,0,-152,27841,736,-363055,242985,107,0,119963
2022-02-22,41245,3469,14068,34004,0,0,3890,8379,111851,-216320,-586,0,105055
2022-02-23,10346,347,6699,-30401,0,0,-10814,-3596,210862,-182783,-660,0,-27419
2022-02-24,14526,218,-10902,-129451,0,0,11225,-16541,259628,-128776,73,0,-130925
2022-02-25,8582,3118,5882,-7753,0,0,36117,821,-41437,-5166,-164,0,46767
2022-02-28,-34544,2786,14989,-51,0,546,19507,-123,47829,-51852,913,0,3110
2022-03-02,-17854,2924,5120,1753,0,-438,25548,1001,36267,-54375,54,0,18054
2022-03-03,15532,1370,-43974,11602,0,0,0,407,99006,-84051,108,0,-15063
2022-03-04,-19089,1062,2364,-21165,0,0,-46,1285,-34713,69947,355,0,-35589
2022-03-07,14375,428,-95095,2403,0,0,-670,419,141230,-63259,169,0,-78140
2022-03-08,33416,5551,-39760,-38392,0,0,11021,1610,-128374,154547,381,0,-26554
2022-03-10,34993,-1606,6213,3914,0,0,11116,-691,-123961,70442,-420,0,53939
2022-03-11,-8085,32221,62956,34842,0,0,56976,6515,-572682,385988,1269,0,185425
2022-03-14,-49010,375,430,-42396,0,0,0,4089,189449,-102857,-80,0,-86512
2022-03-15,9308,-2223,-17521,1866,0,0,0,-940,91183,-82610,937,0,-9510
2022-03-16,52471,-12,-6717,-94939,0,0,-24935,-3372,69380,6632,1492,0,-77504
2022-03-17,47853,2838,12161,1551,0,0,0,-635,-76219,15354,-2903,0,63768
2022-03-18,-31915,-12241,-13147,-78476,0,0,-21775,72,287801,-127677,-2642,0,-157482
2022-03-21,-12778,0,-675,-34547,0,0,-798,360,101472,-53694,660,0,-48438
2022-03-22,8215,-11,-4593,-1922,0,0,-139,-80,12317,-13568,-219,0,1470
2022-03-23,-3328,-2517,-30977,-4672,0,0,13762,-357,57937,-30001,153,0,-28089
2022-03-24,7585,-4262,-13541,-990,0,0,0,-15417,-15970,42345,250,0,-26625
2022-03-25,-52350,-13579,486,-3586,0,0,0,-4090,127748,-55061,432,0,-73119
2022-03-28,-40516,-2180,-26724,-5941,0,0,0,-5274,34823,49152,-3340,0,-80635
2022-03-29,-21482,0,-187,88007,0,0,0,-4060,-81343,19674,-609,0,62278
2022-03-30,-2472,-28,-70,-3169,0,0,0,-1631,23396,-15925,-101,0,-7370
2022-03-31,6442,-2990,-21872,10483,0,0,0,2007,58429,-52658,159,0,-5930
2022-04-01,77754,86974,39874,167941,0,5463,102432,-2525,-881969,412682,-8626,0,477913
2022-04-04,-32086,27654,52097,93349,0,0,34865,-1550,-171380,-1205,-1744,0,174329
2022-04-05,3383,20247,75489,296529,0,3091,-6639,109293,-658942,158402,-853,0,501393
2022-04-06,-76044,-8496,-14802,-86789,0,-808,-22132,-1838,200621,9591,697,0,-210909
2022-04-07,-34206,-7698,-44028,-123186,0,-1086,-16478,6556,298265,-78092,-47,0,-220126
2022-04-08,3305,-1796,-15329,-14960,0,0,-3311,-17379,136758,-88612,1324,0,-49470
2022-04-11,-19910,45,-18799,-139985,0,0,913,-8484,232840,-47366,746,0,-186220
2022-04-12,-5186,0,-9123,-55003,0,0,8623,3045,179637,-122710,717,0,-57644
2022-04-13,97983,21380,-9554,-12376,0,0,13614,5000,64631,-180522,-156,0,116047
2022-04-14,28303,0,-44675,-12255,0,0,0,4349,104001,-80015,292,0,-24278
2022-04-15,-5843,0,-15478,53430,0,0,28524,-37,-66089,5883,-390,0,60596
2022-04-18,-4313,0,-24502,9362,0,0,38472,2013,13,-18970,-2075,0,21032
2022-04-19,61111,1711,-79339,-4769,0,0,0,-1539,19270,6519,-2964,0,-22825
2022-04-20,-12913,4723,-25983,-25003,0,0,9772,1076,46785,1530,13,0,-48328
2022-04-21,6366,2065,-108536,-15856,0,0,0,1110,107353,7393,105,0,-114851
2022-04-22,-12062,-7028,-37760,-91204,0,0,-15748,513,200213,-38243,1319,0,-163289
2022-04-25,-22498,23774,-2056,-250,0,0,25989,-9610,-18141,1765,1027,0,15349
2022-04-26,60333,-22,1471,16330,0,0,0,-3282,-97736,23355,-449,0,74830
2022-04-27,-9287,11892,1239,-565,0,0,7431,200,-47461,33915,2636,0,10910
2022-04-28,35075,1232,12455,844,0,0,393,1325,-106755,54608,823,0,51324
2022-04-29,24295,2060,2028,888,0,0,1740,-8199,-91972,68822,338,0,22812
2022-05-02,-58,-9,12274,-265,0,0,0,-3,-104864,90692,2233,0,11939
2022-05-03,1324,-2,-6117,1476,0,0,5490,1770,41285,-43157,-2069,0,3941
2022-05-04,-29795,-25,-29923,49755,0,-2056,0,0,75168,-63009,-115,0,-12044
2022-05-06,-71351,-9881,-71540,30445,0,0,-18907,-1846,210470,-74702,7312,0,-143080
2022-05-09,-28666,1883,-19509,1150,0,0,-5000,10909,61586,-23205,852,0,-39233
2022-05-10,-26592,2500,-160,-1705,0,-6498,-8000,19139,78893,-58666,1089,0,-21316
2022-05-11,36847,5120,1625,-2861,0,0,-3466,-2414,-79656,44831,-26,0,34851
2022-05-12,-123953,-158,-4238,-446,0,0,-14279,9465,156859,-22004,-1246,0,-133609
2022-05-13,65803,1516,7469,50833,0,0,37438,-5380,-172405,13783,943,0,157679
2022-05-16,-2029,530,4150,24926,0,0,1700,-5904,90846,-114254,35,0,23373
2022-05-17,-11891,126,2050,816,0,0,0,-7040,87126,-71032,-155,0,-15939
2022-05-18,-29327,0,37595,-432,0,0,0,2200,-20593,9981,576,0,10036
2022-05-19,-38306,-2113,-8098,-1109,0,0,0,13764,6341,29058,463,0,-35862
2022-05-20,25567,7,30415,18994,0,0,1426,7385,-78800,-4941,-53,0,83794
2022-05-23,15732,-5421,-49750,-4530,0,-843,-21827,-81,36756,29114,850,0,-66720
2022-05-24,-55799,-2212,0,-21129,0,0,-11678,-3786,60321,34518,-235,0,-94604
2022-05-25,32785,0,75,56697,0,0,-7298,-69,-79074,-2988,-128,0,82190
2022-05-26,16507,348,231846,-23874,40095,0,14650,-758,-357372,79087,-529,0,278814
2022-05-27,-23934,77095,161337,121204,0,0,96501,-1487,-541330,108885,1729,0,430716
2022-05-30,22202,11,20985,-5482,0,0,12012,-3798,5534,-61926,10462,0,45930
2022-05-31,11821,0,64454,-29904,0,0,29795,-44671,-63923,42625,-10197,0,31495
2022-06-02,-37146,58679,16338,37110,0,0,6143,12018,-40761,-52255,-126,0,93142
2022-06-03,18692,18023,50139,67824,0,0,18756,-1555,-327486,156313,-706,0,171879
2022-06-07,-33725,8084,11360,14804,0,0,11627,-6484,-72951,67257,28,0,5666
2022-06-08,21100,2874,-20840,11087,0,0,10000,59,-43824,22755,-3211,0,24280
2022-06-09,-38322,434,-67236,-2182,0,0,11763,810,37085,56958,690,0,-94733
2022-06-10,-9138,14197,37743,27420,0,0,-3584,-1537,-100549,45602,-10154,0,65101
2022-06-13,-46918,84,-2465,3447,0,0,0,-9933,-45837,98600,3022,0,-55785
2022-06-14,33237,16234,9047,8719,0,0,-28452,-8806,-19111,-11020,152,0,29979
2022-06-15,7013,9817,19290,17012,0,0,21510,4780,18338,-100950,3190,0,79422
2022-06-16,11361,5255,11973,367,0,0,-19163,224,13787,-25494,1690,0,10017
2022-06-17,5444,1604,39526,11828,2837,0,-5000,-57,-81832,25622,28,0,56182
2022-06-20,-7721,0,70028,51169,0,0,0,-769,-69745,-42331,-631,0,112707
2022-06-21,2397,31491,25628,-56093,0,0,36707,-706,-53870,14380,66,0,39424
2022-06-22,-34819,4057,-6213,-3465,0,0,6265,2502,101768,-75317,5222,0,-31673
2022-06-23,136483,-38903,-160232,-325813,0,0,-13497,-10680,335638,73979,3025,0,-412642
2022-06-24,38772,-5299,-1997,-27166,0,-4148,33765,555,-26753,-7262,-467,0,34482
2022-06-27,-15119,9566,29871,-29217,0,-8840,3436,903,-87736,96967,169,0,-9400
2022-06-28,-34452,-9931,-40291,-15173,0,0,-2476,-24556,160486,-33837,230,0,-126879
2022-06-29,-37773,38015,19740,-34827,0,0,40123,-189,28062,-53060,-91,0,25089
2022-06-30,-30178,26487,5763,2697,0,0,18652,13806,24973,-62817,617,0,37227
2022-07-01,-11154,-10921,-74933,-10966,0,0,4170,100,72439,28591,2674,0,-103704
2022-07-04,7740,2328,4462,-2855,0,0,2672,541,15123,-29928,-83,0,14888
2022-07-05,90109,13064,9319,-63186,0,0,12433,556,-47092,-14771,-432,0,62295
2022-07-06,22802,5736,34696,-102356,0,0,8266,2011,-8659,36704,800,0,-28845
2022-07-07,11721,2724,310,-2856,0,0,5521,170286,-120592,-66706,-408,0,187706
2022-07-08,16367,-4729,8825,11965,0,0,-6300,2703,-5880,-22955,4,0,28831
2022-07-11,-39604,-102028,-107459,-40830,0,0,-48478,-228603,795994,-230125,1133,0,-567002
2022-07-12,27486,-43818,-92151,-38521,0,0,-19020,-5101,82616,87102,1407,0,-171125
2022-07-13,5512,-422,28534,8076,0,0,0,-20104,-143155,123994,-2435,0,21596
2022-07-14,-45061,1330,51838,-3073,0,0,0,-17060,-68214,80990,-750,0,-12026
2022-07-15,11490,-2878,-23199,-2877,0,0,0,-60514,83657,-6175,496,0,-77978
2022-07-18,-9924,-8,1250,-398,0,0,0,-112448,24283,96902,343,0,-121528
2022-07-19,5609,-3781,6457,293,0,0,-1259,-96500,114157,-26092,1116,0,-89181
2022-07-20,22440,15,-9230,-1215,0,0,5679,-103007,-23259,109141,-564,0,-85318
2022-07-21,-949,1941,-30402,9551,0,0,-3956,-26424,-13826,63955,110,0,-50239
2022-07-22,-36718,18571,5937,17132,0,0,3653,295886,-217059,-87465,63,0,304461
2022-07-25,11582,-970,-1222,-1429,0,0,0,145375,-66879,-86308,-149,0,153336
2022-07-26,-639,-13610,-477,-13560,0,0,0,18598,39684,-29593,-403,0,-9688
2022-07-27,4955,41,-10011,-6392,0,0,-2193,29165,10514,-26180,101,0,15565
2022-07-28,13243,11978,118354,36282,0,0,6795,45946,-190659,-41894,-45,0,232598
2022-07-29,12430,796,6194,26267,0,0,7877,56700,-3690,-106512,-62,0,110264
2022-08-01,-18372,708,19869,41187,0,0,0,-626,-11884,-30782,-100,0,42766
2022-08-02,-1076,13886,103873,53823,0,0,56317,37975,-167693,-91026,-6079,0,264798
2022-08-03,39729,20503,120804,58368,0,245,45523,44647,-230035,-99676,-108,0,329819
2022-08-04,-83510,8437,100461,54013,4182,35,123811,-21656,-164712,-19139,-1922,0,185773
2022-08-05,17477,3104,8367,10155,0,68,35861,7263,-5276,-77064,45,0,82295
2022-08-08,-22262,-40227,26270,99007,1640,0,8284,67898,-131380,-9249,19,0,140610
2022-08-09,-52771,0,57068,18307,0,0,23426,51450,-52040,-45758,318,0,97480
2022-08-10,-28851,-32,36133,-5760,8750,0,18589,68116,-60902,-36058,15,0,96945
2022-08-11,-14531,28401,73643,12230,0,0,-15051,60555,-169940,24946,-253,0,145247
2022-08-12,-3532,-24,15567,4268,0,0,107,-40969,-55587,80520,-350,0,-24583
2022-08-16,-19082,2246,-3894,-38189,2834,0,102,36693,-80744,100006,28,0,-19290
2022-08-17,-45989,-1894,-14764,-5296,0,0,0,44,-29953,98304,-452,0,-67899
2022-08-18,23328,14398,2570,18327,0,0,-112789,-14514,-124549,193321,-92,0,-68680
2022-08-19,-23748,3980,12656,810,0,0,4524,-42765,-4256,48766,33,0,-44543
2022-08-22,-26517,-5813,5126,1261,0,0,-74,-30575,-121848,178493,-53,0,-56592
2022-08-23,-49717,6508,5301,8677,1054,17,24958,-134988,17963,118292,1935,0,-138190
2022-08-24,-25543,51969,289841,266295,4650,10328,85059,-192013,-466236,-25502,1152,0,490586
2022-08-25,12012,-6519,37748,28055,1193,18,20062,-1914,-69486,-28259,7090,0,90655
2022-08-26,-22416,438,2047,-14591,0,0,12213,-1347,143448,-125868,6076,0,-23656
2022-08-29,-4693,10499,80398,14265,1151,188,51090,-116331,-51147,17365,-2785,0,36567
2022-08-30,13170,13625,50453,26402,0,2754,30434,4695,917,-144267,1817,0,141533
2022-08-31,-4278,-17967,22890,90075,1233,20403,-2615,609,-76778,-34719,1147,0,110350
2022-09-01,-70306,26902,65620,105658,0,124,77,-136675,-126716,149639,-14323,0,-8600
2022-09-02,19016,29848,46519,257609,0,0,53603,-48940,-215437,-141002,-1216,0,357655
2022-09-05,-2302,15351,4749,-12098,0,0,49294,-53974,-44297,43349,-72,0,1020
2022-09-06,-26793,-7523,18119,-2116,0,0,-6375,42,-5149,29693,102,0,-24646
2022-09-07,-11149,8183,54948,-2348,1287,-1505,40465,9739,-54586,-45231,197,0,99620
2022-09-08,25694,936,-7846,27536,807,0,-29119,27715,-33047,-2747,-9929,0,45723
2022-09-13,73948,0,33245,4623,0,309,-59,-31990,-95885,9632,6177,0,80076
2022-09-14,-51349,3649,107448,3416,124,0,0,-32287,-50518,19140,377,0,31001
2022-09-15,-28554,4972,18603,51205,0,0,0,-55517,-12241,21067,465,0,-9291
2022-09-16,-1939,859,-8,2161,0,0,-1816,28946,-46194,17606,385,0,28203
2022-09-19,21087,8126,26987,7637,0,0,5000,18876,-40511,-40595,-6607,0,87713
2022-09-20,46361,9120,75848,149080,0,0,96584,-94909,-464262,182596,-418,0,282084
2022-09-21,39912,655,12812,-32863,0,-2006,8139,-2745,4646,-31802,3252,0,23904
2022-09-22,-19513,-4090,82807,34616,0,0,100000,-3232,-35265,-156006,683,0,190588
2022-09-23,28513,-93270,-1241,-71866,-46981,0,207356,-57202,308352,-263440,-10221,0,-34691
2022-09-26,200180,-7402,-10938,19261,0,0,290,14918,-135160,-80734,-415,0,216309
2022-09-27,-142791,-18757,97896,-122823,-2776,0,297638,-5590,-408638,304772,1069,0,102797
2022-09-28,48139,4764,-7448,-65543,0,1139,10402,-1644,-42189,46840,5540,0,-10191
2022-09-29,7004,414,13059,-64544,0,0,68279,234,-1085,-29321,5960,0,24446
2022-09-30,-50026,152,-19738,-1636,0,0,-6255,4951,-20082,96085,-3451,0,-72552
2022-10-04,30886,21027,-14081,-27299,0,0,6509,-4071,-43687,31022,-306,0,12971
2022-10-05,7170,-538,-49471,-96700,0,0,10443,-8398,68662,68102,730,0,-137494
2022-10-06,40127,-25947,-92407,-116759,0,0,-18254,3668,201382,8225,-35,0,-209572
2022-10-07,-16164,5174,74446,-41218,-2934,1701,99140,11079,-273475,142315,-64,0,131224
2022-10-11,-140427,-3931,-110850,58305,0,0,-29490,44495,210062,-31397,3233,0,-181898
2022-10-12,12540,-4613,-70821,-43864,-2312,0,-13724,1848,117966,14912,-11932,0,-120946
2022-10-13,24211,-9467,-147196,-47043,0,0,-31810,424,95452,113299,2130,0,-210881
2022-10-14,3154,32841,-31527,36196,0,0,43413,244,-75047,-6127,-3147,0,84321
2022-10-17,-23454,-84,20616,15065,0,0,32953,781,67501,-113400,22,0,45877
2022-10-18,110607,22904,111168,31122,-2510,0,63945,22,-317985,-18517,-756,0,337258
2022-10-19,-14918,-16326,-63065,-12581,-247,0,39532,84,43224,23346,951,0,-67521
2022-10-20,-33362,-2748,7657,-13423,0,-1,-172,654,77608,-38213,2000,0,-41395
2022-10-21,-30671,1300,-4721,20082,0,0,10156,-154,-11174,14182,1000,0,-4008
2022-10-24,47787,-2445,-5134,-2758,0,0,-20000,2374,156935,-180883,4124,0,19824
2022-10-25,-109087,-30057,-40750,74137,0,0,-32341,456,169570,-39174,7246,0,-137642
2022-10-26,1087,-13650,-78557,47685,527,0,-26028,223,14191,49744,4778,0,-68713
2022-10-27,31674,10836,-66296,61165,-5280,-1,-31737,857,21167,-22489,104,0,1218
2022-10-28,22800,-40,-11242,57188,-12650,0,0,5241,-91369,30271,-199,0,61297
2022-10-31,16872,-4239,-33950,11164,0,-328,192,-989,-9675,20826,127,0,-11278
2022-11-01,33183,-11,14188,-3508,0,0,-21876,251,-76963,54722,14,0,22227
2022-11-02,-4353,0,15707,51026,-2747,0,-1340,-6412,-125169,74683,-1395,0,51881
2022-11-03,-27105,-17262,-25399,29459,-9336,0,-13475,5141,50231,8594,-848,0,-57977
2022-11-04,-18804,-7900,-209574,80904,0,9000,36013,-3120,-60326,187506,-13699,0,-113481
2022-11-07,18736,-13042,-88797,54859,0,0,-35575,-5898,70197,-957,477,0,-69717
2022-11-08,14073,-2993,56626,35039,0,0,-5891,-1268,-131458,36597,-725,0,95586
2022-11-09,-28737,-7501,-88215,14539,0,0,-56287,4459,52565,108875,302,0,-161742
2022-11-10,6668,-10770,26429,-66809,0,-4000,-42997,515,28061,62922,-19,0,-90964
2022-11-11,239487,119559,-77,31960,0,-5000,-48417,-66512,-846570,581278,-5708,0,271000
2022-11-14,-43784,15586,58221,8795,0,0,-24896,-73740,-136864,197211,-529,0,-59818
2022-11-15,43297,2267,23446,-26580,0,-1419,-330,-95494,-194297,249227,-117,0,-54813
2022-11-16,-34992,38482,20063,-61619,0,0,10445,-134422,-196244,359148,-861,0,-162043
2022-11-17,-72775,0,1236,-196696,0,0,3794,-33428,-29240,327137,-28,0,-297869
2022-11-18,-23132,-39554,-27907,-117161,0,0,-24326,407,-64490,296450,-287,0,-231673
2022-11-21,-34730,-29183,-139630,-120950,0,0,-19578,64859,56707,222079,426,0,-279212
2022-11-22,-67382,-135302,-157715,-25452,0,0,-65380,2525,218321,228015,2370,0,-448706
2022-11-23,5024,1003,18164,-56726,0,0,-45,1538,-66160,95028,2174,0,-31042
2022-11-24,6702,59613,-2578,4084,0,0,16030,31574,-41998,-72626,-801,0,115425
2022-11-25,-10288,5369,9588,-12317,0,0,51342,4595,-13083,-32208,-2998,0,48289
2022-11-28,-50996,15241,-28315,-16015,0,0,1508,12393,1206,64447,531,0,-66184
2022-11-29,69867,54361,108265,10132,0,0,57540,-175565,-322255,198533,-878,0,124600
2022-11-30,-9891,79356,132150,244421,0,0,1443,-121606,-503843,177929,41,0,325873
2022-12-01,79877,27942,12905,191775,0,0,11181,-554943,59452,170369,1442,0,-231263
2022-12-02,-69196,11266,54642,65923,0,0,5000,563,-178083,109781,104,0,68198
2022-12-05,74364,-1138,232742,311615,0,-50,97433,-272648,-459964,19602,-1956,0,442318
2022-12-06,-14048,-4,18297,47103,0,0,8339,-44374,-87534,72696,-475,0,15313
2022-12-07,-27140,11391,6587,-88392,0,0,18973,-200510,101135,177067,889,0,-279091
2022-12-08,-12216,-19558,-94415,-139623,0,0,8836,162085,-77322,172229,-16,0,-94891
2022-12-09,46762,-27607,34348,-46845,0,860,-41012,7723,-65853,91075,549,0,-25771
2022-12-12,-54436,-8807,2806,40974,0,320,49094,15420,-45224,-112,-35,0,45371
2022-12-13,-13021,-30919,-10660,-30878,0,425,60604,-4035,-9494,38003,-25,0,-28484
2022-12-14,1507,15051,37063,-25652,0,0,0,-30587,-44181,47226,-427,0,-2618
2022-12-15,-29075,-2185,-48072,55469,0,0,-26722,34268,35224,-20136,1229,0,-16317
2022-12-16,-16228,-60,83017,30175,0,0,-6027,71303,-224024,62751,-907,0,162180
2022-12-19,-35826,-3690,-5795,46704,0,0,100942,28973,-77344,-53699,-265,0,131308
2022-12-20,-46457,-12600,-42455,-98181,0,0,-8316,140173,20186,52751,-5101,0,-67836
2022-12-21,17960,-14563,-4872,-1627,0,0,-1410,81261,-80735,5004,-1018,0,76749
2022-12-22,45361,-4465,-7337,9111,-4211,0,-48627,34156,-72146,48477,-319,0,23988
2022-12-23,-46298,-9844,14776,37860,0,0,-10,77297,-74184,-215,618,0,73781
2022-12-26,95487,-19325,-23946,33683,0,0,-71054,-2966,-116054,104078,97,0,11879
2022-12-27,132036,5929,70594,47095,0,0,-6089,5861,-250728,-4221,-477,0,255426
2022-12-28,-168831,7213,83312,153374,0,0,-1794,-4191,-103047,32252,1712,0,69083
2022-12-29,-103572,-2011,-7888,27666,0,0,-142,158139,44400,-117536,944,0,72192
2023-01-02,-4591,-10772,21514,-51744,0,0,43016,18409,4973,-22038,1233,0,15832
2023-01-03,-8257,21,61737,18915,6838,0,0,164533,-113006,-131159,378,0,243787
2023-01-04,-41259,-10766,27894,15527,0,0,0,40926,45641,-77953,-10,0,32322
2023-01-05,27008,28294,9529,69716,5766,0,15254,4004,-111200,-44726,-3645,0,159571
2023-01-06,71219,2523,43584,19426,0,0,0,-165123,178789,-150143,-275,0,-28371
2023-01-09,40362,1270,-2303,43698,2639,522,0,-299212,135283,77625,116,0,-213024
2023-01-10,-20767,-25561,-133363,4956,0,0,-32205,-102055,123139,185181,675,0,-308995
2023-01-11,43136,18712,-5834,54950,0,0,0,-173954,-154793,220060,-2277,0,-62990
2023-01-12,30202,-591,-119847,-19094,0,0,-22144,-277283,413581,-9533,4709,0,-408757
2023-01-13,23720,-22009,-26492,-4368,0,-1,-55572,4422,21346,63800,-4846,0,-80300
2023-01-16,14870,-34125,65067,70727,0,0,-4963,2750,-200418,84976,1116,0,114326
2023-01-17,-73929,6065,33722,105961,0,1,0,4151,-18412,-56754,-805,0,75971
2023-01-18,74071,25882,25049,-11813,0,0,-68611,-406612,136327,226875,-1168,0,-362034
2023-01-19,-15037,21754,17214,75344,0,-164,-8884,-113098,-92899,115973,-203,0,-22871
2023-01-20,40645,9487,28869,82789,0,0,1544,-170577,12341,-7652,2554,0,-7243
2023-01-25,-4948,-914,-16,21357,0,0,6863,47797,-57472,-13932,1265,0,70139
2023-01-26,-931,-24362,-1393,64972,-256,-1719,-30000,103375,-96506,-11780,-1400,0,109686
2023-01-27,-126245,-28395,-37953,-14625,0,0,-14795,61614,-100058,259688,769,0,-160399
2023-01-30,-18575,-1079,589,48009,-3933,0,-34020,105564,-117331,21826,-1050,0,96555
2023-01-31,-66896,-15,-3564,34166,0,0,0,-71944,23562,84332,359,0,-108253
2023-02-01,55190,-11463,-169575,48431,0,0,-64438,-156080,263919,34592,-576,0,-297935
2023-02-02,32821,-16825,24186,22770,0,0,-48158,-370140,300463,52528,2355,0,-355346
2023-02-03,26043,-20028,-8645,-91706,0,0,-55326,-99067,287002,-39464,1191,0,-248729
2023-02-06,10073,-15595,50433,57173,0,0,-19176,-138162,-72562,126752,1064,0,-55254
2023-02-07,25861,-959,10648,79124,0,1,-60277,-226221,189217,-19074,1680,0,-171823
2023-02-08,4088,-6276,-32902,5026,2201,0,-27250,3377,115270,-61435,-2099,0,-51736
2023-02-09,-27208,7212,147350,21057,-276,-133,15801,-100887,-369971,311075,-4020,0,62916
2023-02-10,-9965,12302,54229,135020,0,0,17535,-26740,-146422,-39223,3264,0,182381
2023-02-13,-17489,-932,-4829,-5413,0,0,19429,-12907,-36084,57739,486,0,-22141
2023-02-14,52321,-1509,-5699,-44429,0,0,110000,-462,-115832,6541,-931,0,110222
2023-02-15,-63039,17,-23019,54162,0,0,-3355,-1007,83372,-47857,726,0,-36241
2023-02-16,31580,-2,7021,-7153,0,0,20000,11675,19948,-82574,-495,0,63121
2023-02-17,-13706,1612,-8004,-31131,2371,0,20000,-174359,50791,151999,427,0,-203217
2023-02-20,46235,-2153,1506,6675,0,1,-54978,-127594,87325,43130,-147,0,-130308
2023-02-21,-146574,-39198,-67151,-17096,0,0,-75947,-63743,574657,-169254,4306,0,-409709
2023-02-22,-79824,-27037,-6756,-47082,1518,0,-30447,3720,227926,-47834,5816,0,-185908
2023-02-23,52034,10664,20509,-253,0,0,5213,-8479,17791,-97797,318,0,79688
2023-02-24,21261,147,-18559,70,0,0,9258,4678,75202,-92686,629,0,16855
2023-02-27,-29655,-15442,26270,25328,6136,0,-28670,6171,-22319,36875,-4694,0,-9862
2023-02-28,30849,13132,126411,109624,0,0,473,13774,-52047,-242264,48,0,294263
2023-03-02,-98119,62749,104423,33311,0,0,104290,6657,-109843,-102342,-1126,0,213311
2023-03-03,-9623,7716,3533,-7617,0,0,56176,6120,90360,-147622,957,0,56305
2023-03-06,-8720,-1418,792,-27935,224,159,37023,-4145,16852,-12899,67,0,-4020
2023-03-07,-111870,-35212,-36408,-70932,0,0,-99932,-1193,358107,-7715,5155,0,-355547
2023-03-08,-129814,-2195,-20327,-28114,0,0,0,5054,157800,18187,-591,0,-175396
2023-03-09,-15932,10007,35270,20101,3599,0,-5809,900,3177,-52159,846,0,48136
2023-03-10,1951,-6734,-2437,11190,0,0,0,7543,101983,-114601,1105,0,11513
2023-03-13,1814,-281,22679,3611,0,0,-17652,7646,-1606,-14731,-1480,0,17817
2023-03-14,-26842,904,-690,-12566,0,0,-8191,230937,-7345,-177013,806,0,183552
2023-03-15,-15931,-1813,-2371,-93221,0,0,-868,112188,139230,-145538,8324,0,-2016
2023-03-16,6315,-11273,-20698,9297,0,-1806,2977,141988,-51759,-74986,-55,0,126800
2023-03-17,78912,-6786,-18955,-29930,0,0,-1091,235783,-68976,-187507,-1450,0,257933
2023-03-20,36791,8550,-7270,-88764,0,0,20000,-247891,257333,19044,2207,0,-278584
2023-03-21,-6953,8165,-8758,-27063,0,0,0,207664,-201571,28485,31,0,173055
2023-03-22,-72542,-17,-22039,-47756,0,0,-65000,285034,253201,-331762,881,0,77680
2023-03-23,43201,8216,122561,-51716,0,0,-80056,149118,-284377,93778,-725,0,191324
2023-03-24,-74257,-200,-19699,-55805,0,0,0,364251,-15376,-199066,152,0,214290
2023-03-27,-119,353,-27608,-141473,0,0,-49180,316578,-14565,-84464,478,0,98551
2023-03-28,9182,-6,-1267,-86082,-1425,0,-59144,147657,-90683,82261,-493,0,8915
2023-03-29,-7807,21303,54323,-28014,-1305,0,29738,91801,-294102,134029,34,0,160039
2023-03-30,46694,-443,-20111,-9439,0,-1174,-70000,179526,-13304,-111695,-54,0,125053
2023-03-31,-17083,-5076,6636,16773,0,-2935,13422,140977,-120182,-22749,-9783,0,152714
2023-04-03,-47022,-6914,14331,-5867,0,0,-23410,31589,-53735,97827,-6799,0,-37293
2023-04-04,19510,-6958,-10533,-31042,0,0,-52879,4703,11251,62657,3291,0,-77199
2023-04-05,-24850,-24167,-4844,-54840,0,0,-89982,1834,402618,-210698,4929,0,-196849
2023-04-06,-51767,4592,11049,-30510,0,0,10204,15554,27836,13849,-807,0,-40878
2023-04-07,-1691,-313,16000,21253,0,0,-13676,98446,-50785,-70602,1368,0,120019
2023-04-10,-44759,-12420,-96732,-90867,0,0,41076,84591,81544,36393,1174,0,-119111
2023-04-11,27827,-610,2785,-53611,0,1500,71150,-36190,-122097,110198,-952,0,12851
2023-04-12,11,4495,2204,-59074,0,0,27311,-5430,78196,-47678,-35,0,-30483
2023-04-13,-47396,-1437,-11777,-127063,0,-29999,-26337,-106135,184064,166490,-410,0,-350144
2023-04-14,76195,-1388,-18316,-206320,0,0,-6684,-76804,146509,86461,347,0,-233317
2023-04-17,-9827,-26974,-93178,-3995,0,1500,-849,-464880,287252,309868,1083,0,-598203
2023-04-18,9821,2760,35269,65881,0,0,-29227,-176906,-312939,407154,-1813,0,-92402
2023-04-19,-68341,13885,1263,-737,2953,0,44910,-138191,34641,109224,393,0,-144258
2023-04-20,-55420,2024,-89683,-14912,0,0,13995,255631,-43718,-68404,487,0,111635
2023-04-21,-46427,-98296,-291303,-265365,-2463,-681,-288931,-142792,2371465,-1248528,13321,0,-1136258
2023-04-24,70424,9128,-30085,-30259,0,0,23020,-38224,-50491,47144,-657,0,4004
2023-04-25,-7819,-14169,-6757,26166,0,0,-148054,349438,-161055,-34455,-3295,0,198805
2023-04-26,60716,5489,1346,10404,13500,500,32338,155975,-253663,-26429,-176,0,280268
2023-04-27,29012,0,-9862,30502,-1149,-551,0,137788,-29991,-148727,-7022,0,185740
2023-04-28,-16685,3022,11429,-200,0,1067,0,144607,-197726,54606,-120,0,143240
2023-05-02,74287,45917,14223,17224,0,1055,7076,107245,-257123,-9118,-786,0,267027
2023-05-03,-126462,-9823,2330,-6361,-273,0,29485,100999,43810,-33858,153,0,-10105
2023-05-04,14244,7127,-14906,-25952,0,531,-106,-1143,28781,-8535,-41,0,-20205
2023-05-08,11165,2366,-18794,-157048,0,0,2241,-615477,444703,329421,1423,0,-775547
2023-05-09,-32667,-31,-67593,-100564,0,-1422,2706,186,132997,66260,128,0,-199385
2023-05-10,12999,24539,-59,-10787,0,-1,12429,-59976,-20250,41293,-187,0,-20856
2023-05-11,-57579,-5368,-45890,-15443,0,-18999,3862,-192280,207164,123817,716,0,-331697
2023-05-12,12377,0,-137891,-194,0,14,3564,387664,-150023,-115723,212,0,265534
2023-05-15,28649,4518,-38033,-44337,0,30,756,202734,97359,-251933,257,0,154317
2023-05-16,-6190,6931,-10489,-23393,0,27,680,0,93151,-60749,32,0,-32434
2023-05-17,84625,-4232,-11975,-1237,0,-4291,1565,23698,-121307,32188,966,0,88153
2023-05-18,-4319,3306,3843,14852,0,16,1501,62516,60402,-142128,11,0,81715
2023-05-19,41346,-5147,-16792,-66027,0,-96,2000,173986,-153452,24265,-83,0,129270
2023-05-22,10702,-21236,-14006,-53188,0,0,0,137816,-20910,-39096,-82,0,60088
2023-05-23,2101,-36,-3680,24096,0,0,4020,27118,-44611,-8228,-780,0,53619
2023-05-24,-42933,-185,8046,4802,0,0,3635,93,129272,-102834,104,0,-26542
2023-05-25,-20530,-3399,-115449,-15504,0,-1,63,-973,249020,-93780,553,0,-155793
2023-05-26,1154,5710,559,-6064,0,0,-8998,105990,15044,-114107,712,0,98351
2023-05-30,-24982,-20300,-26698,-52307,0,0,11365,-719,301585,-189183,1239,0,-113641
2023-05-31,-15825,-18363,-17172,-85337,0,0,-9435,-2750,138962,9878,42,0,-148882
2023-06-01,-84416,5925,9900,37354,0,0,3356,1514,102660,-81287,4994,0,-26367
2023-06-02,14147,-118,-6626,-62167,0,0,-9890,-1642,154891,-88725,130,0,-66296
2023-06-05,20190,-22256,12373,-6695,0,0,5323,18495,41719,-69639,490,0,27430
2023-06-07,15720,-1795,9122,-29680,0,0,-14375,-1689,71332,-48666,31,0,-22697
2023-06-08,-60478,-32409,-28962,-38817,0,0,-20542,1520,249464,-70304,528,0,-179688
2023-06-09,49676,-5558,-124072,-61953,0,1,-63681,1688,234577,-32693,2015,0,-203899
2023-06-12,2691,5140,-62217,-142178,-4414,1,-66151,-10716,269605,7199,1040,0,-277844
2023-06-13,50636,-14541,-92075,-36043,0,-12050,-48362,-6458,78488,79689,716,0,-158893
2023-06-14,9980,-19274,-42720,-4151,0,0,-67196,3665,160426,-41737,1007,0,-119696
2023-06-15,21474,-280,-10120,-69426,0,0,-87566,1279,133173,14402,-2936,0,-144639
2023-06-16,-37059,-10,16062,18168,0,0,-3000,-13863,77482,-61182,3402,0,-19702
2023-06-19,-55570,4792,-5423,-18128,0,0,12717,-11789,125416,-57073,5058,0,-73401
2023-06-20,-86340,12430,132939,17026,0,0,63144,4619,80094,-218933,-4979,0,143818
2023-06-21,-26047,15733,117139,97624,0,1523,49867,14505,-246016,-25069,741,0,270344
2023-06-22,-18060,14100,9821,11557,0,0,48733,1405,-58207,-11677,2328,0,67556
2023-06-23,8174,-636,7526,20836,0,0,45812,-38100,-14585,-29048,21,0,43612
2023-06-26,-13740,6738,-17828,-74864,0,0,1815,-1855,171315,-67114,-4467,0,-99734
2023-06-27,43834,-7,5192,-84492,0,0,0,-5,28476,6862,140,0,-35478
2023-06-28,-8843,-4987,31271,-24241,0,0,51436,377,-21721,-23277,-15,0,45013
2023-06-29,-39891,1366,-4381,-32756,0,0,-20000,4472,189982,-99509,717,0,-91190
2023-06-30,167692,-4755,-36943,-9369,0,0,-85000,627,-69309,32814,4243,0,32252
2023-07-03,12441,11572,36734,48860,0,-1433,78676,23934,22280,-233900,836,0,210784
2023-07-04,-117192,10296,-4690,-21018,0,0,4046,-1402,207081,-73300,-3821,0,-129960
2023-07-05,-8218,14658,-7063,-9689,0,0,-9703,-3989,78558,-54522,-32,0,-24004
2023-07-06,-22730,-6323,6450,-15370,0,0,-16780,-2910,256351,-194525,-4163,0,-57663
2023-07-07,-28817,10451,4099,174,0,0,66621,885,80728,-133932,-209,0,53413
2023-07-10,-32044,-356,-1621,13939,0,0,-29291,6978,-63147,105706,-164,0,-42395
2023-07-11,71797,3886,7042,-7258,0,0,-44890,-49,-35683,5217,-62,0,30528
2023-07-12,7320,24,-692,48135,0,0,-18040,20003,-72629,15704,175,0,56750
2023-07-13,-4036,-4247,31636,-131808,0,0,-6214,1596,168946,-55758,-115,0,-113073
2023-07-14,-87980,-104193,3541,-1632,0,0,46250,6529,-299953,439822,-2384,0,-137485
2023-07-17,-27452,-3278,-43640,19975,0,0,-147325,-6630,229455,-20865,-240,0,-208350
2023-07-18,-47251,-7227,-26865,-39977,0,0,-52170,-891,181912,-8354,823,0,-174381
2023-07-19,28553,179,-984,-17832,0,0,77265,-389,-209762,118573,4397,0,86792
2023-07-20,24788,-2731,-25243,-84704,0,0,-39970,753,252146,-128179,3140,0,-127107
2023-07-21,-21416,-32,-20034,-4618,0,0,-12656,1354,142686,-87476,2192,0,-57402
2023-07-24,-4607,-3958,-21776,-5605,0,0,2349,4098,75581,-47436,1354,0,-29499
2023-07-25,-19465,-15733,-53390,1339,-2898,0,-69343,852,14232,144696,-290,0,-158638
2023-07-26,-37333,3581,-72521,-189779,0,0,27588,13130,314007,-54117,-4556,0,-255334
2023-07-27,64373,-10977,46103,206525,0,-1,62103,198324,-554772,-10798,-880,0,566450
2023-07-28,-14175,398,1265,108648,0,0,11117,133047,-74666,-169458,3824,0,240300
2023-07-31,28430,-136650,1390,129877,0,0,-769,99293,-122760,-464,1653,0,121571
2023-08-01,6195,-130,-27345,-171440,0,0,0,119546,85968,-8554,-4240,0,-73174
2023-08-02,-34490,332,52,-843,0,0,781,62028,-66741,39379,-498,0,27860
2023-08-03,48815,-2131,-22189,-111592,0,0,-372,-39758,93066,34808,-647,0,-127227
2023-08-04,-11803,-701,14187,32011,0,0,17690,-39298,-161025,145619,3320,0,12086
2023-08-07,-36904,603,-32088,2069,0,0,-33983,1676,47023,52357,-753,0,-98627
2023-08-08,23559,660,-12222,1206,0,0,779,317,52300,-64870,-1729,0,14299
2023-08-09,27728,-8016,-63092,-28209,0,0,-111,3936,-22724,90484,4,0,-67764
2023-08-10,-20467,201429,126692,537683,-13500,3928,102386,-1390817,-744464,1196846,284,0,-452666
2023-08-11,-28333,16383,116859,131191,0,132,52925,-7369,-559412,282651,-5027,0,281788
2023-08-14,-84678,177874,-73819,28705,0,8550,18866,12187,-267998,183400,-3087,0,87685
2023-08-16,-33415,28727,18552,-62510,0,7726,11838,-72933,-163714,268337,-2608,0,-102015
2023-08-17,133909,13456,4937,-33831,6759,2881,-1389,6337,-227651,93642,950,0,133059
2023-08-18,-77191,8574,-17586,-60434,0,1288,15247,520482,-231006,-155054,-4320,0,390380
2023-08-21,49687,3233,-154,-146321,0,0,1285,251439,-325835,166360,306,0,159169
2023-08-22,-22397,-2973,-34681,-94870,0,-426,2657,158977,-78877,71530,1060,0,6287
2023-08-23,-24308,8910,-17704,-104399,0,3145,4878,132370,-104316,96656,4768,0,2892
2023-08-24,-31929,26408,72603,-4307,0,-1,56610,93704,59249,-272837,500,0,213088
2023-08-25,-68467,6811,36362,-1641,0,0,40635,72382,-95386,10890,-1586,0,86082
2023-08-28,82326,-7999,-4740,-142947,0,830,109,12170,187940,-128868,1179,0,-60251
2023-08-29,3124,18044,-16685,18025,0,1296,3323,-34920,165081,-153170,-4118,0,-7793
2023-08-30,20995,8763,21232,-8326,0,-426,-3,3438,64783,-111313,857,0,45673
2023-08-31,22735,15932,-48793,37779,0,0,-8360,-5331,38211,-52510,337,0,13962
2023-09-01,-92009,20164,71460,16768,0,0,38039,-2246,3296,-55736,264,0,52176
2023-09-04,-16135,1516,23026,-6719,0,0,42560,1028,65112,-111290,902,0,45276
2023-09-05,-8725,-1,-73,2325,0,0,83,320,275921,-278448,8598,0,-6071
2023-09-06,30245,25603,107384,119290,0,0,43097,-36097,-304518,17324,-2328,0,289522
2023-09-07,-6454,16436,57731,-156,0,0,24456,1615,26516,-125949,5805,0,93628
2023-09-08,26715,31198,63581,-1402,0,0,9856,-4355,-203877,74914,3370,0,125593
2023-09-11,-46458,-2179,28850,12392,0,0,20236,5998,125126,-142645,-1320,0,18839
2023-09-12,31344,-636,-26428,-6806,0,0,0,428,215066,-205010,-7958,0,-2098
2023-09-13,23916,15084,27177,246,0,0,6716,-3319,-105238,37606,-2188,0,69820
2023-09-14,-11557,11922,-14236,293,0,0,11692,46550,5970,-50352,-282,0,44664
2023-09-15,26796,3176,4568,-24580,0,0,5705,-32621,-56238,73166,28,0,-16956
2023-09-18,50299,844,1653,37774,-674,0,3615,-27757,14476,-83893,3663,0,65754
2023-09-19,14573,-448,-5624,-8087,0,0,1190,-119801,142727,-23954,-576,0,-118197
2023-09-20,-3197,1831,2636,-4489,0,0,-2350,2340,-19622,20244,2607,0,-3229
2023-09-21,-58305,8859,-323,-33926,0,0,-3060,105691,-54680,34720,1024,0,18936
2023-09-22,-6000,-296,4977,-94,0,0,1193,65690,-66010,4302,-3762,0,65470
2023-09-25,39763,1300,-25662,-25477,0,0,-5733,29312,69438,-82820,-121,0,13503
2023-09-26,-4274,-4351,-29069,-6272,0,0,0,10816,93899,-62274,1525,0,-33150
2023-09-27,2477,-2121,-210,11341,0,0,0,1147,13380,-29479,3465,0,12634
2023-10-04,58895,-110217,-118484,-143036,0,-11860,-70349,3086,170726,224850,-3611,0,-391965
2023-10-05,14636,19829,46861,-78175,0,1805,11834,-1036,-42010,24219,2037,0,15754
2023-10-06,11222,-23804,-53919,-84446,0,0,-6559,-1100,69924,87787,895,0,-158606
2023-10-10,-11205,966,35264,-166733,0,-404,-10413,1913,-127144,277696,60,0,-150612
2023-10-11,21316,3293,25764,599,0,0,9566,-1489,-10449,-46122,-2478,0,59049
2023-10-12,-51413,-4483,-6405,80492,0,0,-10676,300,-12336,3779,742,0,7815
2023-10-13,7709,-20394,89962,31319,0,0,2685,5771,-36390,-80485,-177,0,117052
2023-10-16,70337,-98936,3394,419,0,0,-20242,-441,-64705,107630,2544,0,-45469
2023-10-17,-23754,-17811,26064,341,0,0,4309,275,25256,-14995,315,0,-10576
2023-10-18,82568,-42490,990,830,0,0,-17374,-1455,-96272,73018,185,0,23069
2023-10-19,28559,-23229,-6405,1757,0,0,-29303,705,-50801,78071,646,0,-27916
2023-10-20,110719,-10660,1434,-13390,0,-25,-15631,-4510,-35820,-36214,4097,0,67937
2023-10-23,-32976,5451,94570,5214,0,0,12010,-7218,-67405,-10088,442,0,77051
2023-10-24,42336,3952,23557,20455,0,0,41405,-475,-18986,-112276,32,0,131230
2023-10-25,-7120,2367,123670,58870,0,0,-8243,889,-57639,-112411,-383,0,170433
2023-10-26,2315,6847,20787,548,0,-30,41778,-550,-17700,-53932,-63,0,71695
2023-10-27,43259,16310,5797,1875,0,1900,12188,930,-11476,-70987,204,0,82259
2023-10-30,19866,351,3856,5862,0,0,2710,201,-59057,26185,26,0,32846
2023-10-31,-8000,2861,4337,13976,0,0,-31394,49,67617,-50389,943,0,-18171
2023-11-01,58666,809,1245,640,-589,437,-21753,672,17604,-57706,-25,0,40127
2023-11-02,91347,-64308,-52857,-30047,-292,-2667,-38482,-3135,353258,-246306,-6511,0,-100441
2023-11-03,198874,-32648,-59483,-32527,0,-239,-36113,-17709,-456819,440208,-3544,0,20155
2023-11-06,-14621,-831,-45119,5150,-199,-156,-49380,10266,101407,-17239,10722,0,-94890
2023-11-07,4577,-3498,15566,-7431,0,0,-46722,-8660,55880,-8633,-1079,0,-46168
2023-11-08,7328,86,294,793,0,0,-71288,-1161,49759,14048,141,0,-63948
2023-11-09,-32163,-779,2576,-2250,0,0,29841,22065,25230,-45401,881,0,19290
2023-11-10,-132896,-12822,-1938,-550,0,0,-33889,2734,215527,-36468,302,0,-179361
2023-11-13,-61786,-52,-132332,-7626,0,0,13620,3499,230132,-45816,361,0,-184677
2023-11-14,8503,-6536,6773,4956,0,0,-23985,19581,15116,-24419,11,0,9292
2023-11-15,-3523,9676,32408,66835,0,0,0,-1310,-219275,114910,279,0,104086
2023-11-16,-27866,11586,-83418,-12929,0,0,2399,-203,80712,29793,-74,0,-110431
2023-11-17,-23703,34473,-51657,-1474,0,0,-16245,5595,70045,-19186,2152,0,-53011
2023-11-20,20225,-686,-6815,-14000,0,-209,0,710,-48760,49386,149,0,-775
2023-11-21,-592,-2254,-55652,-14232,0,0,-16345,3644,57019,27624,788,0,-85431
2023-11-22,12920,-14974,-50213,-45,0,-3243,-24333,4000,97174,-17629,-3657,0,-75888
2023-11-23,3395,-6500,-6453,-7556,0,-1568,0,-1400,-1106,21322,-134,0,-20082
2023-11-24,-12104,-3,15517,-101361,0,0,-7503,3845,84996,16385,228,0,-101609
2023-11-27,-9921,-14157,-19875,3114,0,-6822,-5692,-33270,185013,-99140,750,0,-86623
2023-11-28,-13864,-20755,-6426,-20107,0,0,-35168,3370,191475,-159848,61323,0,-92950
2023-11-29,-4999,-71485,-98352,-3896,0,0,-120593,5027,389717,-96043,624,0,-294298
2023-11-30,-28397,-37527,-56088,-4557,0,1,-53966,3064,159256,15029,3185,0,-177470
2023-12-01,-1894,0,13845,-1413,-417,-2364,-43801,8733,-7453,34669,95,0,-27311
2023-12-04,8676,-31456,1,-214,0,0,-10208,247,33941,-1114,127,0,-32954
2023-12-05,-2679,566,-9198,0,0,0,-44573,114,42220,9622,3928,0,-55770
2023-12-06,84020,-24256,3409,-458,0,0,-21524,-23079,-66118,46943,1063,0,18112
2023-12-07,-40212,-2,-75202,13,0,0,219,5586,233528,-124240,310,0,-109598
2023-12-08,43914,15,-32500,3652,0,0,-49798,4907,-7295,37529,-424,0,-29810
2023-12-11,-15201,-34,0,5,0,0,10956,394,-60602,63919,563,0,-3880
2023-12-12,5305,16294,15037,-12603,0,0,10856,524,-5862,-28990,-561,0,35413
2023-12-13,2350,3,25730,-3066,0,0,37605,14,-70521,7552,333,0,62636
2023-12-14,28323,-14029,33866,-154,0,0,4493,-22,-31318,-18367,-2792,0,52477
2023-12-15,3500,-10746,145,5446,0,0,-25023,-1319,44181,-17010,826,0,-27997
2023-12-18,4247,0,16345,45644,0,-200,508,-2877,-82536,18224,645,0,63667
2023-12-19,-10112,-7178,-3186,-6899,0,0,-61057,-30566,102066,16680,252,0,-118998
2023-12-20,-4517,3020,2413,-274,0,0,-10000,-170,-43259,50988,1799,0,-9528
2023-12-21,-51500,-106,-57565,-636,0,0,-13253,242,172347,-51590,2061,0,-122818
2023-12-22,-16611,0,-703,-4947,0,1,-13262,-8990,18332,25022,1158,0,-44512
2023-12-26,14837,-12345,-129141,0,0,0,-43810,100,154472,10095,5792,0,-170359
2023-12-27,-21541,-3095,-3803,-589,0,0,-25071,530,64759,-13907,2717,0,-53569
2023-12-28,-26398,-7501,21521,-3804,0,440,-46456,-490,-6440,70067,-939,0,-62688
2024-01-02,-6368,-3344,-1388,655,0,0,-36438,0,-4333,52054,-838,0,-46883
2024-01-03,-68552,-881,-4280,-3622,-1635,-1998,-6000,67,90998,-9243,5146,0,-86901
2024-01-04,-18307,-5838,-12961,6906,228,0,-22731,1069,314719,-270487,7402,0,-51634
2024-01-05,-16228,-89,-58893,-94,0,0,-74583,996,170127,-23502,2266,0,-148891
2024-01-08,-11234,-404,0,-282,0,0,-16002,1000,-37460,63915,467,0,-26922
2024-01-09,50784,-2635,23108,-3351,0,0,-7869,0,-91648,31767,-156,0,60037
2024-01-10,-10624,-4562,-1309,4,0,2,-10062,151,62755,-37382,1027,0,-26400
2024-01-11,4171,-98,16347,0,230,0,-44208,642,-3650,26673,-107,0,-22916
2024-01-12,-31793,-12,-304,-278,0,153,-10000,9962,217953,-189478,3797,0,-32272
2024-01-15,21112,-3081,-6605,-1996,0,0,-14618,5,20563,-15103,-277,0,-5183
2024-01-16,-3537,-22614,-71406,-45404,0,0,-63775,646,225925,-22447,2612,0,-206090
2024-01-17,34281,89,-47869,113,0,36,-45134,1004,56544,-275,1211,0,-57480
2024-01-18,-304,-356,-5611,-7333,0,-3002,-26655,4405,-4752,40314,3294,0,-38856
2024-01-19,77636,3572,-957,30314,0,-545,-53791,1938,-120129,62206,-244,0,58167
2024-01-22,49222,-197,-15040,0,0,0,-8840,-2099,13723,-36868,99,0,23046
2024-01-23,26005,-25817,-7432,-525,0,-4326,-53573,1035,45723,19345,-435,0,-64633
2024-01-24,14664,-14443,-132521,-3532,0,0,-47254,5198,79917,96881,1090,0,-177888
2024-01-25,16322,0,-46256,0,0,0,-37908,10788,60758,-5720,2016,0,-57054
2024-01-26,-8795,-377,20649,17136,0,0,-10468,277,-206509,181385,6702,0,18422
2024-01-29,-5884,87,-2556,2445,0,0,-39757,5055,93019,-51046,-1363,0,-40610
2024-01-30,-13845,-5651,-13,42,0,0,-19274,40,5887,34571,-1757,0,-38701
2024-01-31,-2059,7085,-30,2972,0,0,-19532,5033,10814,-628,-3655,0,-6531
2024-02-01,46096,-13930,-22385,407,0,0,-19940,3433,-45557,51892,-16,0,-6319
2024-02-02,54937,13553,-8540,22321,0,-2000,-75496,8522,-64874,49030,2547,0,13297
2024-02-05,1371,-1562,-18,-260,0,0,-10934,4825,-1562,10031,-1891,0,-6578
2024-02-06,-33945,6889,-26527,9116,0,-7,-14310,-3608,46334,11397,4661,0,-62392
2024-02-07,33949,4191,-6988,-3250,0,0,-21040,-444,-11359,4882,59,0,6418
2024-02-08,-35526,36824,-3659,6990,0,7471,30132,-4152,-74129,34683,1366,0,38080
2024-02-13,-44806,15923,-13700,-9119,0,3814,46660,-551,50289,-48412,-98,0,-1779
2024-02-14,-24854,5365,-53,-195,0,0,7900,-3476,-42813,58162,-36,0,-15313
2024-02-15,-28527,-354,-26728,-18805,0,0,-3739,2884,185699,-35804,-74626,0,-75269
2024-02-16,3592,-155,-29355,4,0,0,-24738,-1441,177487,-121413,-3981,0,-52093
2024-02-19,60652,-15219,553,79,0,0,-54773,-78,-152567,178822,-17469,0,-8786
2024-02-20,-37653,-2542,-997,4,0,-2375,-30413,48659,241402,-219651,3566,0,-25317
2024-02-21,-38316,-153,0,-97,0,0,-14384,10005,3418,39476,51,0,-42945
2024-02-22,-3225,-4240,-10826,8139,0,-2187,-30214,5718,184735,-147594,-306,0,-36835
2024-02-23,-72050,5853,8849,-7658,0,0,-25967,1806,173956,-85161,372,0,-89167
2024-02-26,-15108,-1699,-493,-45,0,0,-31369,8060,63458,-22828,24,0,-40654
2024-02-27,-12508,-95,-14833,-18966,0,-1,-11497,3648,203115,-148955,92,0,-54252
2024-02-28,20534,3797,17728,-14868,0,0,353,1027,-64805,35937,297,0,28571
2024-02-29,-38974,-43,28350,-97,0,0,-13800,95,7926,13822,2721,0,-24469
2024-03-04,30744,5224,10374,1565,0,0,20371,-1059,-53821,-15942,2544,0,67219
2024-03-05,-678,15852,3479,10937,0,-1,31541,-1472,-208426,147413,1355,0,59658
2024-03-06,-5420,-933,-20914,11459,0,1,2826,630,40387,-30955,2919,0,-12351
2024-03-07,-74964,-6552,15866,68448,0,-1,119786,37523,-255959,101480,-5627,0,160106
2024-03-08,4383,1747,13609,4736,0,-26,10000,3867,149755,-186922,-1149,0,38316
2024-03-11,-3021,8664,14626,0,-1075,0,0,-14000,49628,-56066,1244,0,5194
2024-03-12,2297,2021,-4118,4906,0,0,-512,1246,-43076,37569,-333,0,5840
2024-03-13,20950,-36703,-21307,-1792,0,-1137,955,-37099,116783,-40527,-123,0,-76133
2024-03-14,8309,4279,9408,12298,0,0,-7489,-290,-44718,19196,-993,0,26515
2024-03-15,-21082,633,17048,5984,0,0,0,93,64732,-67438,30,0,2676
2024-03-18,11634,593,-2320,-1020,0,0,12752,-493,-21435,285,4,0,21146
2024-03-19,-26957,8039,29189,2991,15000,0,121168,-13478,-383429,270655,-23178,0,135952
2024-03-20,8437,3753,14787,-141,0,2,1107,-42820,-111678,128806,-2253,0,-14875
2024-03-21,22057,2240,7307,53516,0,-3894,-3222,-8432,-26644,-42226,-702,0,69572
2024-03-22,-3117,1342,7763,-77,0,0,21449,8157,-171633,137325,-1209,0,35517
2024-03-25,11117,35422,-1504,23661,0,0,5119,4427,-66766,-10987,-489,0,78242
2024-03-26,35557,25793,27368,40686,0,2557,75338,-27142,-399709,219065,487,0,180157
2024-03-27,-49253,17548,17313,46394,0,0,73806,7477,-256115,140585,2245,0,113285
2024-03-28,33618,-33750,-48253,28018,0,-1,95130,16750,434,-91898,-48,0,91512
2024-03-29,-5616,13356,12762,28746,-15000,0,82611,5420,-125304,3207,-182,0,122279
2024-04-01,63636,63730,206816,120977,0,42034,256503,-4572,-912824,165226,-1526,0,749124
2024-04-02,7025,9426,51934,12500,1118,1,26874,7941,116728,-231380,-2167,0,116819
2024-04-03,-45079,11665,32694,-4630,0,552,105634,3131,-25107,-79885,1025,0,103967
2024-04-04,30745,4371,48081,4944,0,2312,132337,-21866,-182288,-16907,-1729,0,200924
2024-04-05,-12716,9540,27322,34,0,0,71042,2707,-28598,-72476,3145,0,97929
2024-04-08,-61908,-11538,23418,32309,0,2290,93067,-2767,-134004,58595,538,0,74871
2024-04-09,-6786,-22828,34870,24094,0,2461,116646,6752,-187890,17890,14791,0,155209
2024-04-11,-61729,-36547,-40655,-11510,0,0,-14658,-921,130829,35325,-134,0,-166020
2024-04-12,-58256,2826,17204,-10535,0,-2332,36563,24753,-567,-1596,-8060,0,10223
2024-04-15,13539,2851,4624,1159,0,0,21920,9976,-81518,28265,-816,0,54069
2024-04-16,12056,-5314,3622,0,0,0,73653,17386,-44166,-57267,30,0,101403
2024-04-17,14210,11529,11255,11252,0,649,144058,515,-108114,-86331,977,0,193468
2024-04-18,45743,1004,17603,25160,1000,169,23663,20066,-57334,-76458,-616,0,134408
2024-04-19,-37798,23524,45508,24439,1000,0,77416,1317,-116035,-17796,-1575,0,135406
2024-04-22,68355,-31918,-11452,1359,0,0,23485,-6666,60703,-103505,-361,0,43163
2024-04-23,14585,1066,-19875,0,1000,0,3775,136,-5897,4169,1041,0,687
2024-04-24,-30286,-461,-17383,2750,4414,0,0,-102,32901,8801,-634,0,-41068
2024-04-25,-63241,905,-30580,-2871,0,1,27144,14867,1701,52324,-250,0,-53775
2024-04-26,12684,3143,19963,-7330,0,0,65491,12849,-127072,21709,-1437,0,106800
2024-04-29,90323,584,-28746,-62934,3000,0,48484,6485,-95842,39614,-968,0,57196
2024-04-30,-7656,-11592,7016,-2109,0,0,33975,-1503,2821,-21184,232,0,18131
2024-05-02,118794,-13878,34744,84350,0,0,5070,3516,-283840,50675,569,0,232596
2024-05-03,21607,-7518,-24967,-7420,-7000,-2170,24621,72163,-23821,-43889,-1606,0,69316
2024-05-07,135889,-16233,-108924,-202850,7000,0,47050,-61929,691580,-490885,-698,0,-199997
2024-05-08,45453,-1632,-46907,-11456,0,-1,0,6305,-41069,51284,-1977,0,-8238
2024-05-09,2713,4438,-13142,-5523,3000,-1,-1809,2713,61963,-54598,246,0,-7611
2024-05-10,48174,32856,-71045,10671,0,0,74872,-29639,-197047,129864,1294,0,65889
2024-05-13,-23809,-318,13659,4345,3000,2258,37427,-3026,-159397,126901,-1040,0,33536
2024-05-14,2116,-23719,-6991,-945,0,0,-1721,28338,101689,-97770,-997,0,-2922
2024-05-16,17412,-15386,-20470,-1775,0,1,42688,2523,79177,-104117,-53,0,24993
2024-05-17,58659,-54,-6,7512,0,0,-1674,2996,-36790,-30056,-587,0,67433
2024-05-20,48749,-1295,-69811,-32513,-3000,0,82297,431,-15500,-7665,-1693,0,24858
2024-05-21,-50359,-14045,-44768,-4717,-5000,1142,-49295,-5185,170710,1259,258,0,-172227
2024-05-22,7933,8251,-89492,-46705,-5000,1,38232,5002,33081,49021,-324,0,-81778
2024-05-23,-22459,10593,-9898,0,0,0,-11118,-994,32637,-596,1835,0,-33876
2024-05-24,-37176,830,3672,-184,0,0,-3,4965,-8892,36823,-35,0,-27896
2024-05-27,32685,-3769,-9406,521,0,0,28100,-4632,-33887,-9690,78,0,43499
2024-05-28,-11524,-1636,-39522,-38300,0,-2398,-61520,-197,297690,-140672,-1921,0,-155097
2024-05-29,32413,-40489,-33038,286,0,-2418,-67325,7790,13415,89277,89,0,-102781
2024-05-30,16276,-28841,-60263,0,0,0,65009,171,-2025,9306,367,0,-7648
2024-05-31,-2907,-26239,-2006,2112,0,0,0,1050,-70987,98848,129,0,-27990
2024-06-03,8366,1124,15085,62,0,0,-5656,1320,-3729,-16682,110,0,20301
2024-06-04,21156,822,-3147,-5913,0,0,-31736,50,24042,-7901,2627,0,-18768
2024-06-05,25889,12522,-41296,-115,0,0,0,-4771,-4751,12844,-322,0,-7771
2024-06-07,-9716,-428,-8077,-512,0,0,0,5365,11086,2827,-545,0,-13368
2024-06-10,5429,6684,-4978,4815,0,0,26994,-5965,-12352,-20530,-97,0,32979
2024-06-11,14069,3103,1694,-512,0,1,-6030,3073,21207,-37548,943,0,15398
2024-06-12,14772,-1429,-9785,0,0,0,0,-1,22052,-24660,-949,0,3557
2024-06-13,-302,-1423,-17645,426,0,-1,-1189,-9430,-18199,47990,-227,0,-29564
2024-06-14,-11017,40195,49312,2474,0,2000,0,5124,-128557,43183,-2714,0,88088
2024-06-17,987,13401,21795,190,0,0,6100,-17157,36018,-61392,58,0,25316
2024-06-18,4279,3590,25781,0,0,0,36459,-19387,-14921,-36782,981,0,50722
2024-06-19,-57358,1118,-29823,-13292,0,-2865,-45314,76634,265979,-196400,1321,0,-70900
2024-06-20,35416,361,-6266,-6045,0,0,24686,23271,-71990,1687,-1120,0,71423
2024-06-21,428876,-1316,-300063,-4694,0,-1,166104,-5059,-384924,101221,-144,0,283847
2024-06-24,-13089,0,-255861,1498,0,0,36078,3606,189557,38608,-397,0,-227768
2024-06-25,-33059,20097,1006,7077,0,0,9777,14258,-22994,4526,-688,0,19156
2024-06-26,-20882,-4671,-546,2891,0,0,9752,35243,8908,-30616,-79,0,21787
2024-06-27,-11784,-41073,6868,-6880,0,1,-5272,50272,34571,-26483,-220,0,-7868
2024-06-28,-21640,-1096,-1935,55,0,0,27815,905,25793,-30257,360,0,4104
2024-07-01,846,-3898,2558,5751,0,0,3205,21069,-33265,3685,49,0,29531
2024-07-02,-4043,-9134,-5848,-12320,0,0,0,40502,33758,-42545,-370,0,9157
2024-07-03,-66910,-10967,-80644,-54525,0,0,-217357,57483,558055,-176842,-8293,0,-372920
2024-07-04,-1354,-35454,-54089,-22940,0,-1466,-335278,84183,315355,36265,14778,0,-366398
2024-07-05,-1035,-33593,-117795,-5362,-3414,-1616,-365831,200227,278169,49112,1138,0,-328419
2024-07-08,11604,-27551,-18527,-119,0,0,-130384,90127,9634,63374,1842,0,-74850
2024-07-09,-1944,-2277,-15446,-59,0,1,-102227,93414,91061,-62894,371,0,-28538
2024-07-10,-6434,-11754,-38456,-28,0,0,-38535,82251,1803,11659,-506,0,-12956
2024-07-11,3715,-167,4519,-118,0,0,-26703,34524,-17502,1898,-166,0,15770
2024-07-12,16778,-1323,20791,-862,0,0,0,-8121,-72996,48092,-2359,0,27263
2024-07-15,-7901,374,3799,-6,0,0,7562,25257,-22679,-5598,-808,0,29085
2024-07-16,-25092,-12066,-9780,-3359,0,0,-14789,69559,30823,-35395,99,0,4473
2024-07-17,18525,-15378,-19819,-392,0,1,-75135,-61193,106491,46449,451,0,-153391
2024-07-18,-3428,-107,2689,-61,0,0,-5553,102520,-75793,-23137,2870,0,96060
2024-07-19,-10150,-82,-32287,-4659,0,0,-50761,-415856,393819,114608,5368,0,-513795
2024-07-22,-27942,-32034,-21416,3129,0,0,-11349,400,67425,23965,-2178,0,-89212
2024-07-23,-55648,-47065,-166568,2036,0,0,-48740,53259,164329,97863,534,0,-262726
2024-07-24,-18896,-14126,-10487,2253,0,1,-33813,20216,51610,3661,-419,0,-54852
2024-07-25,-1458,-9996,-20975,-12948,0,0,0,45448,-26081,25315,695,0,71
2024-07-26,-6259,-14353,-58219,2103,0,85,9,101362,34287,-58784,-231,0,24728
2024-07-29,2103,-244,180,354,0,0,0,0,-26902,24349,160,0,2393
2024-07-30,1849,-1954,-7169,1554,0,0,-78303,-7912,105083,-13250,102,0,-91935
2024-07-31,59746,9,-7783,-12115,0,128,-46068,-249002,128464,126568,53,0,-255085
2024-08-01,13546,-1001,8703,-7700,0,0,-32217,199,-90571,108561,480,0,-18470
2024-08-02,39728,0,8729,2950,0,0,-12838,1043,159338,-199100,150,0,39612
2024-08-05,53233,-3919,-30193,-15,0,86,-123399,2703,176097,-74615,22,0,-101504
2024-08-06,9496,-3463,5155,-378,0,1,1312,25132,-269770,233061,-546,0,37255
2024-08-07,-11579,4001,-5020,-329,0,0,79016,357,-10520,-56226,300,0,66446
2024-08-08,-16105,-1705,2768,1564,0,0,-51989,0,29918,35537,12,0,-65467
2024-08-09,-20008,-5268,-7019,-165,0,-1999,-30744,3550,131066,-69878,465,0,-61653
2024-08-12,30438,-3798,-2592,-3306,0,0,-156977,9200,149337,-22918,616,0,-127035
2024-08-13,-41058,1163,-593,1674,0,0,-16887,4600,129587,-78067,-419,0,-51101
2024-08-14,1184,-131,0,-1388,0,0,-25759,-8796,-93674,126619,1945,0,-34890
2024-08-16,-4219,-55,-18818,2184,0,0,0,-1000,94288,-72399,19,0,-21908
2024-08-19,-37487,-3123,-300,1749,0,0,-31170,-352,66190,3990,503,0,-70683
2024-08-20,3349,-3710,-1116,-316,0,-79,-16977,3643,-7600,22328,478,0,-15206
2024-08-21,978,-3852,-20128,-978,0,0,-30697,-1296,11385,44674,-86,0,-55973
2024-08-22,2812,-2618,38479,-559,0,0,27501,-8783,-36152,-20419,-261,0,56832
2024-08-23,6803,-5877,26973,-378,0,-2562,0,-5721,-6164,-15971,2897,0,19238
2024-08-26,23486,-3620,-14289,0,0,-1,-1150,95,13572,-18112,19,0,4521
2024-08-27,17610,-9011,-5300,85,0,-3329,-8266,-3175,4010,7374,2,0,-11386
2024-08-28,3201,-1810,-180,1737,0,0,0,290,31006,-34178,-66,0,3238
2024-08-29,18876,0,0,-59,0,0,-14584,1000,-896,-338,-3999,0,5233
2024-08-30,9694,-1860,13610,22,0,0,0,3500,-17084,-7882,0,0,24966
2024-09-02,-1523,0,4282,-685,0,0,0,2005,6201,-8892,-1388,0,4079
2024-09-03,12655,7388,39815,19318,0,0,923,-6425,-50341,-22614,-719,0,73674
2024-09-04,-3350,0,0,-2077,0,0,21317,-3250,35125,-43292,-4473,0,12640
2024-09-05,-24540,14089,102608,4246,0,0,41160,-7154,-128434,-1887,-88,0,130409
2024-09-06,15818,14,53735,-211,0,0,25085,8793,9395,-112482,-147,0,103234
2024-09-09,8754,-2811,-12493,17692,0,0,-3264,-1190,-9451,2543,220,0,6688
2024-09-10,3071,0,2979,5194,0,0,0,5021,14310,-30785,210,0,16265
2024-09-11,20103,0,0,0,0,0,-10000,1881,-3350,-8348,-286,0,11984
2024-09-12,33532,-3566,-2933,-27,0,0,-41109,-25900,23812,15792,399,0,-40003
2024-09-13,10632,185,541,17083,0,-1,37160,-16497,-62774,13938,-267,0,49103
2024-09-19,-39989,0,-5019,0,0,0,-105439,-42696,330780,-138090,453,0,-193143
2024-09-20,-68903,-15605,-20356,1701,0,0,-44434,-1965,223114,-73213,-339,0,-149562
2024-09-23,-3341,-19,0,0,0,0,5000,-34970,28809,4592,-71,0,-33330
2024-09-24,5548,78,-5444,189,0,0,1059,-19490,8883,9203,-26,0,-18060
2024-09-25,99726,0,-48263,-41044,0,0,-34617,-138611,-10710,173335,184,0,-162809
2024-09-26,20401,15513,-32753,7783,0,0,-81876,131,36833,33971,-3,0,-70801
2024-09-27,60229,57392,76210,127749,0,4021,11778,-147033,-579859,393213,-3700,0,190346
2024-09-30,37454,3334,112601,135701,0,1284,11892,-99490,-30285,-176389,3898,0,202776
2024-10-02,-12011,1292,42111,-300,0,0,-15294,-14640,36545,-35911,-1792,0,1158
2024-10-04,14957,-1829,-31834,-8900,0,-2912,0,51546,78297,-100376,1051,0,21028
2024-10-07,541,-14,-7,987,0,0,1203,3394,15291,-28150,6755,0,6104
2024-10-08,-8993,-416,-9329,0,0,0,3830,1800,232354,-218069,-1177,0,-13108
2024-10-10,-44651,-58,-39202,-190154,0,0,-5582,4772,310385,-39202,3692,0,-274875
2024-10-11,-44168,1885,488,978,0,0,14792,3467,1152,21289,117,0,-22558
2024-10-14,921,-3176,-23161,-19851,0,1,-88,1540,80418,-36055,-549,0,-43814
2024-10-15,6957,-1680,-55849,-73026,0,0,-43698,29668,210010,-72394,12,0,-137628
2024-10-16,-19768,-21146,-18531,-68035,0,1,-61958,34550,100301,54754,-168,0,-154887
2024-10-17,7467,472,-23985,0,0,0,-10844,53004,9893,-35228,-779,0,26114
2024-10-18,6177,-50497,-4719,-4838,0,0,0,46461,49970,-42601,47,0,-7416
2024-10-21,-1363,0,-49630,-585,0,0,998,20913,20803,8294,570,0,-29667
2024-10-22,-4973,0,-52598,0,0,0,0,-2767,114920,-54767,185,0,-60338
2024-10-23,-953,-921,0,-6716,-4026,0,-66733,-92,35460,40045,3936,0,-79441
2024-10-24,-884,-30,1500,0,0,0,0,49,5036,-5672,1,0,635
2024-10-25,-726,-43,-14155,0,0,0,6,137,40791,-26147,137,0,-14781
2024-10-28,-3064,-88,0,-1,0,0,1632,-230,-36394,38131,14,0,-1751
2024-10-29,-361,0,13881,0,0,0,544,188,-13090,-1202,40,0,14252
2024-10-30,-159,0,2653,-1254,0,0,-744,380,-16910,14533,1501,0,876
2024-10-31,-795,15,0,58,0,0,-14359,-438,-46780,62347,-48,0,-15519
2024-11-01,7411,0,0,-26536,0,0,0,0,2275,17122,-272,0,-19125
2024-11-04,-2371,0,-701,-9844,0,0,14068,4782,241,-6375,200,0,5934
2024-11-05,8374,0,1410,-5514,0,0,0,190,2416,-4704,-2172,0,4460
2024-11-06,-4014,-47,318,-2605,0,0,-619,-4382,49765,-38428,12,0,-11349
2024-11-07,2249,0,-86,-7072,0,0,-1866,11624,30835,-35694,10,0,4849
2024-11-08,2695,-998,-2493,-716,0,0,4554,-7355,13054,-7766,-975,0,-4313
2024-11-11,349,-7,11167,142,0,-2392,0,468,95447,-105665,491,0,9727
2024-11-12,1591,3476,2000,-233,0,-1,-9058,7468,-17079,11580,256,0,5243
2024-11-13,3894,12,-2332,-681,0,-1,-110,5759,-12527,9353,-3367,0,6541
2024-11-14,27,145,1282,-1948,0,1,1048,475,29739,-30759,-10,0,1030
2024-11-15,-1088,936,1654,370,0,0,0,-6444,-70803,73352,2023,0,-4572
2024-11-18,2345,0,9887,-1686,0,0,-3017,14303,-11024,-10634,-174,0,21832
2024-11-19,2034,488,295,-2293,0,0,-195,1,-1950,2053,-433,0,330
2024-11-20,-660,0,-1297,-2509,0,0,0,22969,-51383,31497,1383,0,18503
2024-11-21,-898,0,-354,-149,0,0,990,11598,-21224,10032,5,0,11187
2024-11-22,-316,-162,1032,42,0,0,-2000,22807,-13284,-8161,42,0,21403
2024-11-25,-951,1773,-2871,-782,0,0,717,42227,-68438,28009,316,0,40113
2024-11-26,-234,240,-7360,-716,0,0,1080,14220,-45512,38813,-531,0,7230
2024-11-27,-2248,0,0,-716,0,0,928,56032,-22572,-31412,-12,0,53996
2024-11-28,-8868,-11898,-45,-703,0,0,20752,20638,-39885,23420,-3411,0,19876
2024-11-29,-1402,0,-4628,0,0,1,30350,59264,-100626,17114,-73,0,83585
2024-12-02,-1716,30,28489,0,0,0,33789,10541,-58361,-13163,391,0,71133
2024-12-03,-554,-2285,17799,277,0,-1,23302,12282,-79697,28932,-55,0,50820
2024-12-04,-16554,-6,-32945,73,0,0,22461,36366,21374,-31367,598,0,9395
2024-12-05,8938,0,0,-2148,0,0,22396,22168,-33870,-17535,51,0,51354
2024-12-06,44,493,-9108,-46,0,0,14785,48660,-66077,11083,166,0,54828
2024-12-09,7077,0,931,59,0,0,14176,31771,-43869,-10111,-34,0,54014
2024-12-10,4106,-2487,-11,-695,0,0,20960,15211,-59697,21790,823,0,37084
2024-12-11,19,-2533,-1805,-1025,0,0,14130,24816,-14911,-8553,-10138,0,33602
2024-12-12,-151,-4485,-3456,-732,0,0,14145,28829,-6889,-27268,7,0,34150
2024-12-13,-740,-1704,-4274,-1536,0,0,-21462,17247,86,11539,844,0,-12469
2024-12-16,-741,-303,5809,-1358,0,0,12502,29465,-55039,9636,29,0,45374
2024-12-17,-1784,-4556,197,-544,0,0,11569,-280,21393,-26005,10,0,4602
2024-12-18,619,-7395,-3507,-234,0,0,7600,-40083,54543,-11645,102,0,-43000
2024-12-19,6704,-4692,-11574,-598,0,0,12286,10,12494,-15346,716,0,2136
2024-12-20,11428,-4676,-3826,126,0,0,11344,-19805,-7244,12578,75,0,-5409
2024-12-23,4231,-7943,-3315,-716,0,0,15240,-29298,-2248,24044,5,0,-21801
2024-12-24,8359,0,1323,-671,0,0,15266,-23918,-7743,7363,21,0,359
2024-12-26,6810,7009,100,-693,0,0,3605,0,-29859,13028,0,0,16831
2024-12-27,9202,-248,24,60,0,0,119,-3,28670,-38103,279,0,9154
2024-12-30,9689,131,-213,-716,0,0,13812,-7051,-36196,20342,202,0,15652
2025-01-02,5729,57,27,14,0,0,9958,-5200,-1217,-9367,-1,0,10585
2025-01-03,4989,0,692,-716,0,0,17531,-22909,-33987,32763,1637,0,-413
2025-01-06,5130,139,2303,-49,0,0,16507,-70804,-2081,48796,59,0,-46774
2025-01-07,6727,-189,-11742,-279,0,0,30456,-29267,27935,-22947,-694,0,-4294
2025-01-08,10545,0,1683,224,0,0,14881,-31163,2196,1633,1,0,-3830
2025-01-09,9450,0,-11443,-680,0,0,10619,-52373,35076,8414,937,0,-44427
2025-01-10,457,-851,0,-647,0,0,20587,-16238,-22113,18000,805,0,3308
2025-01-13,-1816,-61,0,0,0,0,16641,-28137,27710,-14493,156,0,-13373
2025-01-14,-1180,-535,-7,-134,0,0,18517,-30564,-7945,22384,-536,0,-13903
2025-01-15,-1042,5,-202,4270,0,0,15322,-75238,-31442,88659,-332,0,-56885
2025-01-16,-499,0,-51706,-20,0,-1,28968,-37700,58991,3017,-1050,0,-60958
2025-01-17,-681,1267,21346,51939,0,-1842,32686,-78610,-81940,58690,-2855,0,26105
2025-01-20,-778,-321,0,5175,0,0,35271,-35333,23523,-27396,-141,0,4014
2025-01-21,-1513,0,-55,59,0,0,20601,-40435,24717,-2973,-401,0,-21343
2025-01-22,-1692,-8514,0,0,0,0,13147,-42465,28413,11107,4,0,-39524
2025-01-23,-2437,125,-133,-145,0,0,15355,120,7473,-20373,15,0,12885
2025-01-24,-2401,-414,0,0,0,0,14894,-24011,-3404,15330,6,0,-11932
2025-01-31,-1577,-228,21,-10000,0,0,9419,0,29365,-26220,-780,0,-2365
2025-02-03,1664,-92,0,143,0,0,17516,-180,-1612,-17499,60,0,19051
2025-02-04,-590,-29,-1079,164,0,0,20763,0,-56254,40535,-3510,0,19229
2025-02-05,-1415,-30,-336,-180,0,0,12325,-59751,28494,21133,-240,0,-49387
2025-02-06,-1660,-36,545,289,0,0,1009,-48,22588,-22360,-327,0,99
2025-02-07,-1286,-2663,-2698,0,0,0,15089,13620,-16943,-5190,71,0,22062
2025-02-10,-14,-70,26,218,0,0,21061,2584,-53759,29854,100,0,23805
2025-02-11,421,2056,-3294,254,0,-25,7729,-41228,22327,11315,445,0,-34087
2025-02-12,128,191,2135,0,0,0,35491,0,-96975,57773,1257,0,37945
2025-02-13,-1199,-1072,-1261,-125,0,0,25611,1500,820,-23998,-276,0,23454
2025-02-14,223,-371,-18,-126,0,0,5682,3888,-11112,1780,54,0,9278
2025-02-17,-422,-16,-1216,926,0,0,25527,4260,-70073,40807,207,0,29059
2025-02-18,1173,-2090,90,152,0,0,30226,5425,6191,-41322,155,0,34976
2025-02-19,-108,-23,3253,0,0,0,25535,4321,-39985,7369,-362,0,32978
2025-02-20,9582,2093,255,40448,0,1,40723,-18282,-158044,84105,-881,0,74820
2025-02-21,9237,-236,-14,271,0,0,26689,-21279,51233,-65597,-304,0,14668
2025-02-24,2464,-21,-35,12,0,0,26023,-298,-7016,-21067,-62,0,28145
2025-02-25,-137,47931,181250,21517,0,0,35098,-1055,-353546,70169,-1227,0,284604
2025-02-26,1021,2654,6295,330,0,0,30018,5732,45445,-91396,-99,0,46050
2025-02-27,15518,-40,62,5535,0,0,27567,4150,-9169,-45650,2027,0,52792
2025-02-28,2441,932,-781,-8853,0,0,35556,-27838,45987,-47940,496,0,1457
2025-03-04,225,-1336,-28472,-13395,0,1,34524,1021,275,8343,-1186,0,-7432
2025-03-05,1791,-41136,-17999,15,0,0,27121,196,18247,12349,-584,0,-30012
2025-03-06,-238,301,0,826,0,0,27831,-16122,-39636,26730,308,0,12598
2025-03-07,22096,0,44582,-1,0,1,85571,-15261,-112523,-24418,-47,0,136988
2025-03-10,-127,6,8012,0,0,0,23746,3217,-14702,-20173,21,0,34854
2025-03-11,-1684,41,18610,59,0,0,25194,1,-18444,-23896,119,0,42221
2025-03-12,8358,-545,16333,27,0,0,21264,6034,-18198,-33731,458,0,51471
2025-03-13,-21308,-18479,-34550,0,0,27640,12390,10306,167408,-142626,-781,0,-24001
2025-03-14,-12057,0,-75985,61,0,0,13235,46565,28130,1427,-1376,0,-28181
2025-03-17,1072,-6169,9645,1500,0,0,27193,8413,-72984,31072,258,0,41654
2025-03-18,421,0,-7583,-45,0,0,19524,13003,-39741,14123,298,0,25320
2025-03-19,-192,-22,1,0,0,0,4359,10,-18815,14214,445,0,4156
2025-03-20,143,0,5,59,0,0,15340,18241,-11297,-22124,-367,0,33788
2025-03-21,112,-7,48641,-14934,0,0,42490,-13420,-197582,135835,-1135,0,62882
2025-03-24,3133,0,-4,0,0,0,39409,-92204,141251,-92345,760,0,-49666
2025-03-25,3042,0,0,16,0,0,46162,9353,53562,-112342,207,0,58573
2025-03-26,-905,-121,-6,-4,0,0,27523,17750,-65110,20198,675,0,44237
2025-03-27,135,353,189,-3907,0,0,29002,14235,4597,-44808,204,0,40007
2025-03-28,-2882,-70,-14,0,0,0,24253,3386,-983,-21450,-2240,0,24673
2025-03-31,2578,-99,16729,130,0,0,73413,16723,-60486,-48902,-86,0,109474
2025-04-01,-4320,133,-10296,-3772,0,0,63665,19968,-66879,1885,-384,0,65378
2025-04-02,-141,-15,-19,0,0,0,25232,16306,58310,-99463,-210,0,41363
2025-04-03,4016,-5,31102,1677,0,0,55263,3124,-70637,-24850,310,0,95177
2025-04-04,30999,12317,15746,84366,0,0,58863,-73205,-351339,225036,-2783,0,129086
2025-04-07,15686,2,-2893,42655,0,1,43767,14119,4442,-119698,1919,0,113337
2025-04-08,6627,6424,61033,51248,0,0,58988,1793,-157220,-29996,1103,0,186113
2025-04-09,408,99,31997,-2083,0,1,24297,0,20850,-75573,4,0,54719
2025-04-10,-7263,-1341,-22508,32564,0,1,-289,-4786,-30078,33350,350,0,-3622
2025-04-11,-8543,-23,177,1760,0,1,29442,8211,-70594,39261,308,0,31025
2025-04-14,2546,-541,4895,39066,0,0,84458,16148,-104175,-41348,-1049,0,146572
2025-04-15,-4586,1221,80482,54449,0,1,76288,18099,-231853,6032,-133,0,225954
2025-04-16,-4063,0,45597,35577,0,0,62988,27926,-111260,-55950,-815,0,168025
2025-04-17,29008,23737,5299,-6906,0,0,107627,15309,-99276,-74692,-106,0,174074
2025-04-18,-18563,-5,36735,35163,10235,1,10000,-8575,-38422,-27462,893,0,64991
2025-04-21,738,3134,22215,14861,0,7004,5395,34989,-48490,-38994,-852,0,88336
2025-04-22,3604,5848,53670,-47869,0,2209,60528,20689,-35315,-63842,478,0,98679
2025-04-23,-826,16626,5058,-10674,0,0,-31948,49083,-60215,32661,235,0,27319
2025-04-24,-1140,4677,-8640,-6594,0,0,-20000,32554,-19668,18808,3,0,857
2025-04-25,-7108,1293,-33191,-17544,0,0,0,57490,-46516,45625,-49,0,940
2025-04-28,74830,5809,-1212,41133,0,2,6930,34001,-124245,-37531,283,0,161493
2025-04-29,-436,0,-19822,7253,0,1,0,30323,-3842,-12999,-478,0,17319
2025-04-30,-1228,0,1850,7885,0,0,35053,21486,-34418,-30629,1,0,65046
2025-05-02,930,0,37,2938,0,0,41563,737,-27855,-18350,0,0,46205
2025-05-07,-2748,-321,19179,-5446,0,1,34788,18356,-88696,24937,-50,0,63809
2025-05-08,3428,-730,3427,-892,0,0,13101,23253,-33022,-8565,0,0,41587
2025-05-09,861,13977,8503,-2998,0,0,39493,27778,-62119,-25378,-117,0,87614
2025-05-12,4318,-24,3353,-1835,-2783,0,56370,17971,-45529,-31813,-28,0,77370
2025-05-13,-641,62,6685,26520,0,0,22614,44653,-106217,6269,55,0,99893
2025-05-14,490,4990,-2168,-383,-3711,1,25614,47956,-92375,19835,-249,0,72789
2025-05-15,1152,18805,50322,13948,0,24176,25631,20998,-106400,-48150,-482,0,155032
2025-05-16,-2715,18149,53324,84390,0,0,21102,-13535,-69585,-91058,-72,0,160715
2025-05-19,-1372,4532,51392,6622,0,0,13951,37190,-79837,-32104,-374,0,112315
2025-05-20,10902,14538,6559,-10833,-3643,1,65905,24533,-58340,-48982,-640,0,107962
2025-05-21,6266,-23,2456,76885,0,0,-488,18119,21438,-124923,270,0,103215
2025-05-22,635,12364,40698,7476,0,1379,18312,32003,-70218,-42525,-124,0,112867
2025-05-23,-13001,-29356,5135,-6392,-3553,0,-56898,-30251,11332,122952,32,0,-134316
2025-05-26,4769,-777,4780,16524,-1065,-2484,-18407,-178875,7702,168001,-168,0,-175535
2025-05-27,8155,5115,4652,-56482,0,1,2650,-812,13796,22644,281,0,-36721
2025-05-28,15977,-320,-42800,-29071,0,0,0,-48015,44415,59707,107,0,-104229
2025-05-29,-39445,-7224,-1574,-96278,0,0,-78404,-167917,146267,244762,-187,0,-390842
2025-05-30,9116,-1783,5077,-5648,0,0,-17923,-49750,64525,-3612,-2,0,-60911
2025-06-02,17705,1272,36718,169463,0,0,-5139,-114462,3893,-109131,-319,0,105557
2025-06-04,34246,-4980,58724,42056,0,6753,-11721,-70697,-144233,90319,-467,0,54381
2025-06-05,6101,-2169,615,12746,0,-147,-43490,148598,11357,-133487,-124,0,122254
2025-06-09,16164,-29329,58019,65931,0,0,25044,-182917,-90941,140256,-2227,0,-47088
2025-06-10,7931,470,-27349,12737,0,0,29721,-28663,108460,-103403,96,0,-5153
2025-06-11,14835,-2888,-30494,-17153,0,1,29126,7341,32700,-32867,-601,0,768
2025-06-12,5843,4041,-9268,4455,0,0,32391,4812,-83290,38038,2978,0,42274
2025-06-13,3308,-3170,-29011,1595,0,0,-815,2978,-10086,31523,3678,0,-25115
2025-06-16,-5452,-91,-20459,-4841,0,0,0,-78818,31835,78110,-284,0,-109661
2025-06-17,-5286,-498,-557,-9180,0,-198,19018,-177711,13515,160254,643,0,-174412
2025-06-18,15207,7302,49448,-23642,0,1,65658,-232855,-177293,296317,-143,0,-118881
2025-06-19,11432,34502,107714,-18723,0,-527,117943,-243180,-101925,98893,-6129,0,9161
2025-06-20,10479,4141,-37523,-10681,0,0,24604,32135,98766,-122045,124,0,23155
2025-06-23,-47590,1614,19915,19840,0,1,21381,33301,-40453,-14364,6355,0,48462
2025-06-24,485,-2414,-19568,-10398,0,-624,31337,64764,-133159,76634,-7057,0,63582
2025-06-25,-18347,20014,-13813,-21740,0,1,37539,77366,-118465,37942,-497,0,81020
2025-06-26,-2473,-90,751,-14192,0,0,20066,119346,-60584,-63600,776,0,123408
2025-06-27,-2296,-1070,-11642,-23844,0,1,20040,111539,-43669,-49635,576,0,92728
2025-06-30,-24995,15532,1382,12552,0,15106,32228,20731,-74783,1986,261,0,72536
2025-07-01,-6306,-48929,-25687,-57513,0,-119,20666,29275,120419,-30886,-920,0,-88613
2025-07-02,-6087,-37,16350,14049,0,0,14828,35779,-175258,100413,-37,0,74882
2025-07-03,118587,10645,120110,132636,0,-1316,79363,-196742,-741266,481122,-3139,0,263283
2025-07-04,15633,7426,28843,126370,0,0,70305,-513941,-130567,395693,238,0,-265364
2025-07-07,97310,1318,106541,91181,0,-816,22159,14440,-379942,45398,2411,0,332133
2025-07-08,5615,1322,51348,25013,25000,-6697,20492,-184728,-155796,219841,-1410,0,-62635
2025-07-09,33998,-25022,-51994,-176823,1911,1183,86292,3501,-105224,231074,1104,0,-126954
2025-07-10,56167,-5190,-77545,101948,0,0,24636,15731,-179676,70466,-6537,0,115747
2025-07-11,114085,-5797,-28818,13303,0,-1,32550,-39843,-198095,112856,-240,0,85479
2025-07-14,-51500,20854,-27409,-51145,0,2,31236,-128393,114338,91768,249,0,-206355
2025-07-15,5193,149,-1692,13144,0,1,64105,-136104,-157649,217661,-4808,0,-55204
2025-07-16,-19758,5890,-39707,-2798,0,0,52372,-51512,-63721,117546,1688,0,-55513
2025-07-17,-18443,-8165,-35013,-61097,0,1,18329,70338,-231851,262501,3400,0,-34050
2025-07-18,7708,5201,95138,-2143,0,0,77327,43753,-103082,-124094,192,0,226984
2025-07-21,-11962,-4304,-58676,-51550,-5000,0,25667,76883,-76078,105028,-8,0,-28942
2025-07-22,392,-4246,28585,-156509,0,1,36017,-145939,-83684,327638,-2255,0,-241699
2025-07-23,-18026,-266,-7996,-4450,-130,0,28231,25913,-280700,253047,4377,0,23276
2025-07-24,-4967,-1498,-78799,25274,0,0,28039,64169,-142453,112245,-2010,0,32218
2025-07-25,-32892,-4862,-14984,-174519,1596,0,-30965,89048,-237516,404825,269,0,-167578
2025-07-28,-115232,-14461,-104880,1683,-10000,0,-4652,95527,-242116,394781,-650,0,-152015
2025-07-29,-7961,-1054,-142051,-34481,10000,1,-11633,-19662,-363982,569331,1492,0,-206841
2025-07-30,74347,-32307,-94602,-157026,10000,0,11047,4472,-582901,769054,-2084,0,-184069
2025-07-31,103858,11264,34373,9187,0,-1,78521,-107209,10337,-135666,-4664,0,129993
2025-08-01,-27838,-2302,-1020,-18777,0,1,0,101131,-55759,-215,4779,0,51195
2025-08-04,1633,-368,67424,42166,0,-1,-14182,-97672,9463,-8512,49,0,-1000
2025-08-05,3794,-619,-7994,6492,-10000,0,942,111350,69602,-165468,-8099,0,103965
2025-08-06,-61556,5880,65420,46377,-10000,1,20185,-7951,125664,-184235,215,0,58356
2025-08-07,-7355,46797,250083,90053,-10000,0,60745,-1247,-266872,-159996,-2208,0,429076
2025-08-08,19486,127163,338279,119863,0,-800,177049,-498103,-1534246,1248028,3281,0,282937
