date,close,open,high,low,volume
2020-08-10T00:00:00+09:00,13400.0,13600.0,13700.0,13200.0,1574383.0
2020-08-11T00:00:00+09:00,13550.0,13600.0,13800.0,13400.0,1388867.0
2020-08-12T00:00:00+09:00,14950.0,13900.0,15050.0,13850.0,8149947.0
2020-08-13T00:00:00+09:00,15000.0,14850.0,15150.0,14550.0,2861416.0
2020-08-14T00:00:00+09:00,14700.0,15050.0,15650.0,14650.0,3181268.0
2020-08-18T00:00:00+09:00,13500.0,14200.0,14250.0,13150.0,2638119.0
2020-08-19T00:00:00+09:00,13500.0,13400.0,13700.0,13000.0,1455840.0
2020-08-20T00:00:00+09:00,12850.0,13400.0,13400.0,12700.0,1373060.0
2020-08-21T00:00:00+09:00,13100.0,12950.0,13150.0,12700.0,736384.0
2020-08-24T00:00:00+09:00,13050.0,12850.0,13050.0,12700.0,698269.0
2020-08-25T00:00:00+09:00,13550.0,13350.0,13550.0,13200.0,823765.0
2020-08-26T00:00:00+09:00,13200.0,13400.0,13400.0,13000.0,757879.0
2020-08-27T00:00:00+09:00,12850.0,13100.0,13150.0,12800.0,963038.0
2020-08-28T00:00:00+09:00,13100.0,12950.0,13150.0,12800.0,850194.0
2020-08-31T00:00:00+09:00,13300.0,13300.0,13350.0,13050.0,678216.0
2020-09-01T00:00:00+09:00,13750.0,13300.0,13900.0,13150.0,1414358.0
2020-09-02T00:00:00+09:00,13900.0,13950.0,14200.0,13550.0,1450275.0
2020-09-03T00:00:00+09:00,14000.0,14050.0,14050.0,13700.0,796271.0
2020-09-04T00:00:00+09:00,13750.0,13550.0,13900.0,13500.0,1210931.0
2020-09-07T00:00:00+09:00,13850.0,13750.0,14000.0,13500.0,708319.0
2020-09-08T00:00:00+09:00,14400.0,13950.0,14500.0,13850.0,1421264.0
2020-09-09T00:00:00+09:00,14200.0,14100.0,14200.0,13900.0,703506.0
2020-09-10T00:00:00+09:00,14150.0,14200.0,14250.0,13900.0,592867.0
2020-09-11T00:00:00+09:00,13950.0,14100.0,14100.0,13800.0,486919.0
2020-09-14T00:00:00+09:00,14000.0,14000.0,14050.0,13850.0,422130.0
2020-09-15T00:00:00+09:00,14100.0,14050.0,14100.0,13850.0,464383.0
2020-09-16T00:00:00+09:00,14200.0,14100.0,14200.0,13900.0,582855.0
2020-09-17T00:00:00+09:00,14500.0,14150.0,14850.0,14050.0,1801750.0
2020-09-18T00:00:00+09:00,14400.0,14600.0,14650.0,14250.0,453153.0
2020-09-21T00:00:00+09:00,14000.0,14250.0,14500.0,13900.0,648511.0
2020-09-22T00:00:00+09:00,13550.0,13900.0,13950.0,13550.0,541586.0
2020-09-23T00:00:00+09:00,13750.0,13700.0,13850.0,13350.0,362539.0
2020-09-24T00:00:00+09:00,13050.0,13450.0,13650.0,12950.0,1004230.0
2020-09-25T00:00:00+09:00,13100.0,13150.0,13300.0,13000.0,411145.0
2020-09-28T00:00:00+09:00,13550.0,13200.0,13700.0,13200.0,617741.0
2020-09-29T00:00:00+09:00,13750.0,13550.0,13750.0,13500.0,331701.0
2020-10-05T00:00:00+09:00,13650.0,13500.0,13900.0,13450.0,448018.0
2020-10-06T00:00:00+09:00,13450.0,13700.0,13700.0,13300.0,461193.0
2020-10-07T00:00:00+09:00,13450.0,13250.0,13500.0,13250.0,310267.0
2020-10-08T00:00:00+09:00,13450.0,13500.0,13550.0,13350.0,410449.0
2020-10-12T00:00:00+09:00,13850.0,13650.0,14100.0,13550.0,975842.0
2020-10-13T00:00:00+09:00,13800.0,13950.0,13950.0,13500.0,542124.0
2020-10-14T00:00:00+09:00,13400.0,13800.0,13800.0,13400.0,543157.0
2020-10-15T00:00:00+09:00,13150.0,13300.0,13350.0,13100.0,540514.0
2020-10-16T00:00:00+09:00,13200.0,13250.0,13250.0,13000.0,360050.0
2020-10-19T00:00:00+09:00,13600.0,13250.0,13750.0,13150.0,643674.0
2020-10-20T00:00:00+09:00,13550.0,13600.0,13600.0,13250.0,439373.0
2020-10-21T00:00:00+09:00,13650.0,13600.0,13750.0,13400.0,570922.0
2020-10-22T00:00:00+09:00,13250.0,13550.0,13550.0,13200.0,478973.0
2020-10-23T00:00:00+09:00,13250.0,13450.0,13550.0,13200.0,389076.0
2020-10-26T00:00:00+09:00,12900.0,13100.0,13250.0,12850.0,606472.0
2020-10-27T00:00:00+09:00,13150.0,12800.0,13200.0,12700.0,487159.0
2020-10-28T00:00:00+09:00,13250.0,13000.0,13300.0,12900.0,282592.0
2020-10-29T00:00:00+09:00,13050.0,12950.0,13100.0,12850.0,405779.0
2020-10-30T00:00:00+09:00,12700.0,13000.0,13000.0,12700.0,398568.0
2020-11-02T00:00:00+09:00,12800.0,12700.0,12850.0,12550.0,211971.0
2020-11-03T00:00:00+09:00,12850.0,12850.0,13000.0,12800.0,261704.0
2020-11-04T00:00:00+09:00,12850.0,13050.0,13050.0,12750.0,421633.0
2020-11-05T00:00:00+09:00,13100.0,12900.0,13150.0,12800.0,413951.0
2020-11-06T00:00:00+09:00,12850.0,13100.0,13100.0,12650.0,671698.0
2020-11-09T00:00:00+09:00,13050.0,12900.0,13050.0,12850.0,374791.0
2020-11-10T00:00:00+09:00,13950.0,14800.0,14800.0,13850.0,5196926.0
2020-11-11T00:00:00+09:00,14300.0,14050.0,14550.0,13850.0,2438946.0
2020-11-12T00:00:00+09:00,14350.0,14100.0,14450.0,13950.0,973242.0
2020-11-13T00:00:00+09:00,13900.0,14100.0,14350.0,13900.0,759475.0
2020-11-16T00:00:00+09:00,14200.0,14050.0,14450.0,13900.0,846616.0
2020-11-17T00:00:00+09:00,14600.0,14700.0,14950.0,14400.0,2006099.0
2020-11-18T00:00:00+09:00,14450.0,14500.0,14700.0,14350.0,643992.0
2020-11-19T00:00:00+09:00,15000.0,14450.0,15200.0,14000.0,1526898.0
2020-11-20T00:00:00+09:00,15050.0,14950.0,15350.0,14850.0,1380671.0
2020-11-23T00:00:00+09:00,14900.0,15000.0,15200.0,14700.0,1241040.0
2020-11-24T00:00:00+09:00,15150.0,15100.0,15250.0,14900.0,984590.0
2020-11-25T00:00:00+09:00,15550.0,15400.0,16000.0,15100.0,3033182.0
2020-11-26T00:00:00+09:00,15200.0,15450.0,15500.0,14950.0,969101.0
2020-11-27T00:00:00+09:00,15150.0,15050.0,15400.0,14950.0,608906.0
2020-11-30T00:00:00+09:00,14800.0,15150.0,15200.0,14800.0,658257.0
2020-12-01T00:00:00+09:00,15700.0,14850.0,15700.0,14850.0,1348124.0
2020-12-02T00:00:00+09:00,16300.0,15600.0,16500.0,15600.0,2361016.0
2020-12-03T00:00:00+09:00,16050.0,16400.0,16650.0,15850.0,1104701.0
2020-12-04T00:00:00+09:00,15750.0,16150.0,16200.0,15500.0,928038.0
2020-12-07T00:00:00+09:00,15650.0,15500.0,15900.0,15100.0,923737.0
2020-12-08T00:00:00+09:00,16100.0,15700.0,16150.0,15500.0,926100.0
2020-12-09T00:00:00+09:00,16050.0,16100.0,16500.0,15900.0,915844.0
2020-12-10T00:00:00+09:00,16450.0,15950.0,16700.0,15800.0,1187769.0
2020-12-11T00:00:00+09:00,16600.0,16500.0,16800.0,16400.0,669884.0
2020-12-14T00:00:00+09:00,16050.0,16250.0,16300.0,15950.0,673370.0
2020-12-15T00:00:00+09:00,16000.0,16000.0,16100.0,15650.0,614786.0
2020-12-16T00:00:00+09:00,15850.0,16100.0,16150.0,15800.0,426638.0
2020-12-17T00:00:00+09:00,15450.0,15900.0,15900.0,15300.0,793407.0
2020-12-18T00:00:00+09:00,15550.0,15400.0,15750.0,15250.0,492049.0
2020-12-21T00:00:00+09:00,15400.0,15400.0,15500.0,15000.0,642144.0
2020-12-22T00:00:00+09:00,14900.0,15200.0,15500.0,14850.0,633884.0
2020-12-23T00:00:00+09:00,14600.0,14850.0,15100.0,14500.0,745435.0
2020-12-24T00:00:00+09:00,15150.0,14800.0,15300.0,14750.0,747713.0
2020-12-28T00:00:00+09:00,15050.0,15050.0,15100.0,14800.0,691728.0
2020-12-29T00:00:00+09:00,15350.0,15150.0,15400.0,14900.0,520215.0
2020-12-30T00:00:00+09:00,15300.0,15250.0,15600.0,15100.0,604250.0
2021-01-04T00:00:00+09:00,15200.0,15350.0,15400.0,15100.0,686191.0
2021-01-05T00:00:00+09:00,15200.0,15000.0,15350.0,15000.0,564107.0
2021-01-06T00:00:00+09:00,15500.0,15250.0,15800.0,15150.0,1170188.0
2021-01-07T00:00:00+09:00,15350.0,15600.0,15700.0,15200.0,791568.0
2021-01-08T00:00:00+09:00,15600.0,15450.0,15600.0,15200.0,804018.0
2021-01-11T00:00:00+09:00,15250.0,15700.0,15750.0,14950.0,1143314.0
2021-01-12T00:00:00+09:00,15700.0,15100.0,15850.0,14900.0,1504391.0
2021-01-13T00:00:00+09:00,16250.0,15900.0,16250.0,15500.0,1421500.0
2021-01-14T00:00:00+09:00,16600.0,16300.0,17250.0,16050.0,2150930.0
2021-01-15T00:00:00+09:00,16750.0,16750.0,17000.0,16350.0,1591762.0
2021-01-18T00:00:00+09:00,15400.0,16450.0,17150.0,15350.0,3138696.0
2021-01-19T00:00:00+09:00,15800.0,15550.0,16150.0,15500.0,1288144.0
2021-01-20T00:00:00+09:00,15900.0,15900.0,16000.0,15600.0,816905.0
2021-01-21T00:00:00+09:00,15900.0,16100.0,16200.0,15800.0,696891.0
2021-01-22T00:00:00+09:00,16700.0,16150.0,16800.0,15650.0,1818813.0
2021-01-25T00:00:00+09:00,17100.0,16700.0,17500.0,16700.0,2095214.0
2021-01-26T00:00:00+09:00,16550.0,17250.0,17250.0,16350.0,1305224.0
2021-01-27T00:00:00+09:00,16650.0,16700.0,16850.0,16050.0,1226351.0
2021-01-28T00:00:00+09:00,16500.0,16150.0,16500.0,16050.0,971245.0
2021-01-29T00:00:00+09:00,15800.0,16600.0,16650.0,15350.0,1393542.0
2021-02-01T00:00:00+09:00,15800.0,15650.0,15950.0,15300.0,732254.0
2021-02-02T00:00:00+09:00,15850.0,16000.0,16100.0,15650.0,782943.0
2021-02-03T00:00:00+09:00,16050.0,16100.0,16150.0,15750.0,989774.0
2021-02-04T00:00:00+09:00,16100.0,16000.0,16400.0,15800.0,884058.0
2021-02-05T00:00:00+09:00,16300.0,16150.0,16400.0,15900.0,927040.0
2021-02-08T00:00:00+09:00,16650.0,16250.0,16750.0,16100.0,1284484.0
2021-02-09T00:00:00+09:00,16300.0,16750.0,16750.0,16000.0,1114691.0
2021-02-10T00:00:00+09:00,16200.0,16150.0,16250.0,15850.0,870833.0
2021-02-15T00:00:00+09:00,16250.0,16350.0,16450.0,16050.0,802820.0
2021-02-16T00:00:00+09:00,16400.0,16250.0,16450.0,16100.0,615965.0
2021-02-17T00:00:00+09:00,16100.0,16400.0,16450.0,16050.0,511741.0
2021-02-18T00:00:00+09:00,16200.0,16050.0,16350.0,15950.0,667036.0
2021-02-19T00:00:00+09:00,15750.0,16150.0,16200.0,15500.0,1199809.0
2021-02-22T00:00:00+09:00,15900.0,15850.0,16200.0,15750.0,1002142.0
2021-02-23T00:00:00+09:00,17300.0,15950.0,17450.0,15850.0,6485683.0
2021-02-24T00:00:00+09:00,16900.0,17200.0,18000.0,16800.0,4649636.0
2021-02-25T00:00:00+09:00,17550.0,17500.0,17600.0,16900.0,2162445.0
2021-02-26T00:00:00+09:00,17200.0,17000.0,17550.0,16950.0,2090347.0
2021-03-02T00:00:00+09:00,17650.0,17550.0,17900.0,17200.0,2330193.0
2021-03-03T00:00:00+09:00,18000.0,17550.0,18000.0,17300.0,1502993.0
2021-03-04T00:00:00+09:00,18600.0,17850.0,18800.0,17650.0,3428797.0
2021-03-05T00:00:00+09:00,18650.0,18450.0,18750.0,18050.0,1308587.0
2021-03-08T00:00:00+09:00,17750.0,18550.0,18600.0,17550.0,1886379.0
2021-03-09T00:00:00+09:00,18100.0,17750.0,18350.0,17500.0,1635640.0
2021-03-10T00:00:00+09:00,17900.0,17800.0,18050.0,17550.0,965268.0
2021-03-11T00:00:00+09:00,17800.0,17800.0,18050.0,17300.0,1361791.0
2021-03-12T00:00:00+09:00,17950.0,18050.0,18200.0,17750.0,816080.0
2021-03-15T00:00:00+09:00,18050.0,18100.0,18350.0,17800.0,714595.0
2021-03-16T00:00:00+09:00,18400.0,18250.0,18700.0,18150.0,1374595.0
2021-03-17T00:00:00+09:00,18250.0,18400.0,18500.0,17900.0,919285.0
2021-03-18T00:00:00+09:00,17650.0,18300.0,18400.0,17650.0,1275127.0
2021-03-19T00:00:00+09:00,17700.0,17400.0,17850.0,17400.0,654962.0
2021-03-22T00:00:00+09:00,18050.0,17700.0,18100.0,17500.0,831926.0
2021-03-23T00:00:00+09:00,17800.0,18000.0,18100.0,17750.0,433753.0
2021-03-24T00:00:00+09:00,17800.0,17400.0,17800.0,17300.0,576686.0
2021-03-25T00:00:00+09:00,17900.0,17650.0,18000.0,17550.0,600196.0
2021-03-26T00:00:00+09:00,17500.0,17950.0,18000.0,17250.0,933084.0
2021-03-29T00:00:00+09:00,17100.0,17500.0,17500.0,16850.0,875526.0
2021-03-30T00:00:00+09:00,16650.0,17050.0,17250.0,16550.0,1729934.0
2021-03-31T00:00:00+09:00,16650.0,16700.0,16850.0,16550.0,632875.0
2021-04-01T00:00:00+09:00,17000.0,16750.0,17050.0,16650.0,727685.0
2021-04-02T00:00:00+09:00,16700.0,17050.0,17100.0,16550.0,1113777.0
2021-04-05T00:00:00+09:00,16800.0,16700.0,16800.0,16500.0,375740.0
2021-04-06T00:00:00+09:00,17100.0,16900.0,17100.0,16650.0,697788.0
2021-04-07T00:00:00+09:00,17050.0,17050.0,17100.0,16850.0,687655.0
2021-04-08T00:00:00+09:00,17050.0,16850.0,17050.0,16800.0,711121.0
2021-04-09T00:00:00+09:00,16750.0,16950.0,17000.0,16700.0,578178.0
2021-04-12T00:00:00+09:00,16550.0,16700.0,16700.0,16350.0,685416.0
2021-04-13T00:00:00+09:00,16750.0,16550.0,16800.0,16450.0,470901.0
2021-04-14T00:00:00+09:00,16300.0,16650.0,16700.0,16250.0,943689.0
2021-04-15T00:00:00+09:00,16050.0,16350.0,16350.0,15950.0,1002363.0
2021-04-16T00:00:00+09:00,16150.0,16150.0,16300.0,16050.0,537220.0
2021-04-19T00:00:00+09:00,16300.0,16200.0,16400.0,16050.0,546031.0
2021-04-20T00:00:00+09:00,16700.0,16350.0,16800.0,16250.0,725655.0
2021-04-21T00:00:00+09:00,16500.0,16550.0,16650.0,16350.0,541752.0
2021-04-22T00:00:00+09:00,16600.0,16550.0,16600.0,16400.0,352983.0
2021-04-23T00:00:00+09:00,16600.0,16300.0,16650.0,16250.0,465326.0
2021-04-26T00:00:00+09:00,17100.0,16650.0,17100.0,16600.0,949043.0
2021-04-27T00:00:00+09:00,17200.0,17150.0,17200.0,16900.0,617994.0
2021-04-28T00:00:00+09:00,17300.0,17150.0,17300.0,16700.0,961710.0
2021-04-29T00:00:00+09:00,17800.0,17450.0,17850.0,17100.0,1675397.0
2021-04-30T00:00:00+09:00,18000.0,17800.0,18500.0,17550.0,3215598.0
2021-05-03T00:00:00+09:00,18000.0,18050.0,18250.0,17500.0,1734156.0
2021-05-04T00:00:00+09:00,17300.0,17900.0,17950.0,16750.0,2297797.0
2021-05-06T00:00:00+09:00,17750.0,17300.0,17850.0,17000.0,1221452.0
2021-05-07T00:00:00+09:00,17600.0,17800.0,17900.0,17500.0,879132.0
2021-05-10T00:00:00+09:00,18150.0,17600.0,18450.0,17500.0,1933853.0
2021-05-11T00:00:00+09:00,18400.0,18150.0,18650.0,18100.0,1777020.0
2021-05-12T00:00:00+09:00,18250.0,18400.0,18600.0,17850.0,1165128.0
2021-05-13T00:00:00+09:00,18600.0,17900.0,19150.0,17800.0,2405045.0
2021-05-14T00:00:00+09:00,18700.0,18800.0,19100.0,18600.0,1403604.0
2021-05-17T00:00:00+09:00,18900.0,18850.0,19100.0,18400.0,1252624.0
2021-05-18T00:00:00+09:00,19050.0,19000.0,19300.0,18750.0,999853.0
2021-05-20T00:00:00+09:00,19250.0,18950.0,19300.0,18650.0,781681.0
2021-05-21T00:00:00+09:00,18350.0,19250.0,19300.0,18100.0,1983416.0
2021-05-24T00:00:00+09:00,18550.0,18200.0,18600.0,18050.0,690822.0
2021-05-25T00:00:00+09:00,19050.0,18650.0,19200.0,18450.0,1264176.0
2021-05-26T00:00:00+09:00,19450.0,19100.0,19550.0,19050.0,1284051.0
2021-05-27T00:00:00+09:00,19650.0,19450.0,19800.0,19250.0,1256696.0
2021-05-28T00:00:00+09:00,19500.0,19500.0,19600.0,19100.0,887093.0
2021-05-31T00:00:00+09:00,19850.0,19450.0,20050.0,19400.0,1365797.0
2021-06-01T00:00:00+09:00,19400.0,19850.0,20000.0,19000.0,1828647.0
2021-06-02T00:00:00+09:00,19800.0,19400.0,19900.0,19250.0,1085957.0
2021-06-03T00:00:00+09:00,19900.0,19850.0,20000.0,19600.0,669975.0
2021-06-04T00:00:00+09:00,19100.0,19800.0,19800.0,18950.0,1808696.0
2021-06-07T00:00:00+09:00,19100.0,19250.0,19250.0,18700.0,880138.0
2021-06-08T00:00:00+09:00,19150.0,19000.0,19300.0,18900.0,565714.0
2021-06-09T00:00:00+09:00,19250.0,19250.0,19550.0,19050.0,814651.0
2021-06-10T00:00:00+09:00,19650.0,19500.0,20100.0,19300.0,2405042.0
2021-06-11T00:00:00+09:00,19400.0,19700.0,19700.0,19100.0,1024603.0
2021-06-14T00:00:00+09:00,19000.0,19400.0,19400.0,18900.0,741049.0
2021-06-15T00:00:00+09:00,19050.0,18850.0,19100.0,18500.0,1010376.0
2021-06-16T00:00:00+09:00,19300.0,18950.0,19300.0,18800.0,807041.0
2021-06-17T00:00:00+09:00,19500.0,19200.0,19550.0,19050.0,793688.0
2021-06-18T00:00:00+09:00,19450.0,19400.0,19500.0,19200.0,506709.0
2021-06-21T00:00:00+09:00,18600.0,19200.0,19300.0,18400.0,1765616.0
2021-06-22T00:00:00+09:00,18900.0,18850.0,19050.0,18700.0,716323.0
2021-06-23T00:00:00+09:00,18550.0,18800.0,18800.0,18250.0,987686.0
2021-06-24T00:00:00+09:00,18350.0,18400.0,18400.0,17850.0,1049521.0
2021-06-25T00:00:00+09:00,18400.0,18350.0,18700.0,18250.0,618645.0
2021-06-28T00:00:00+09:00,18300.0,18150.0,18400.0,18050.0,559036.0
2021-06-29T00:00:00+09:00,18200.0,18250.0,18450.0,17900.0,955607.0
2021-06-30T00:00:00+09:00,18100.0,18150.0,18250.0,17900.0,762029.0
2021-07-01T00:00:00+09:00,18100.0,18050.0,18200.0,17950.0,591485.0
2021-07-02T00:00:00+09:00,18050.0,18100.0,18150.0,17900.0,711190.0
2021-07-05T00:00:00+09:00,18200.0,18000.0,18250.0,17900.0,536178.0
2021-07-06T00:00:00+09:00,18650.0,18200.0,18700.0,18150.0,920499.0
2021-07-07T00:00:00+09:00,17850.0,18300.0,18350.0,17800.0,1082282.0
2021-07-08T00:00:00+09:00,17150.0,17700.0,17950.0,17150.0,1171641.0
2021-07-09T00:00:00+09:00,17100.0,17000.0,17200.0,16700.0,1269531.0
2021-07-12T00:00:00+09:00,17200.0,17200.0,17350.0,17050.0,497268.0
2021-07-13T00:00:00+09:00,17550.0,17250.0,17650.0,17150.0,557532.0
2021-07-14T00:00:00+09:00,17050.0,17300.0,17350.0,17000.0,917841.0
2021-07-15T00:00:00+09:00,17200.0,17100.0,17250.0,17050.0,424277.0
2021-07-16T00:00:00+09:00,17000.0,17150.0,17250.0,16950.0,698980.0
2021-07-19T00:00:00+09:00,16800.0,16850.0,17000.0,16700.0,615399.0
2021-07-20T00:00:00+09:00,16850.0,16550.0,16900.0,16500.0,462547.0
2021-07-21T00:00:00+09:00,16800.0,17050.0,17100.0,16700.0,681422.0
2021-07-22T00:00:00+09:00,17200.0,16950.0,17500.0,16850.0,1186537.0
2021-07-23T00:00:00+09:00,17200.0,17100.0,17200.0,16900.0,521396.0
2021-07-26T00:00:00+09:00,16800.0,17150.0,17150.0,16800.0,487245.0
2021-07-27T00:00:00+09:00,17100.0,16900.0,17150.0,16800.0,581340.0
2021-07-28T00:00:00+09:00,17100.0,16950.0,17100.0,16800.0,459284.0
2021-07-29T00:00:00+09:00,17250.0,17050.0,17250.0,16950.0,552188.0
2021-07-30T00:00:00+09:00,16800.0,17200.0,17200.0,16650.0,992022.0
2021-08-02T00:00:00+09:00,16450.0,16750.0,16850.0,16350.0,843284.0
2021-08-03T00:00:00+09:00,16600.0,16450.0,16700.0,16300.0,605830.0
2021-08-04T00:00:00+09:00,16950.0,16600.0,17000.0,16550.0,772540.0
2021-08-05T00:00:00+09:00,16750.0,16650.0,16850.0,16600.0,529743.0
2021-08-06T00:00:00+09:00,16850.0,16950.0,17050.0,16750.0,514315.0
2021-08-09T00:00:00+09:00,16750.0,16750.0,16800.0,16600.0,408615.0
2021-08-10T00:00:00+09:00,16500.0,16750.0,16750.0,16450.0,587776.0
2021-08-11T00:00:00+09:00,16500.0,16450.0,16750.0,16400.0,520996.0
2021-08-12T00:00:00+09:00,16450.0,16400.0,16600.0,16250.0,1040635.0
2021-08-13T00:00:00+09:00,16200.0,16400.0,16500.0,16050.0,692438.0
2021-08-17T00:00:00+09:00,15600.0,16150.0,16200.0,15600.0,864115.0
2021-08-18T00:00:00+09:00,15900.0,15450.0,16000.0,15250.0,651808.0
2021-08-19T00:00:00+09:00,15100.0,15600.0,15900.0,15100.0,919973.0
2021-08-20T00:00:00+09:00,15050.0,15150.0,15250.0,14800.0,661975.0
2021-08-23T00:00:00+09:00,15550.0,15050.0,15650.0,15050.0,513413.0
2021-08-24T00:00:00+09:00,16400.0,15750.0,16400.0,15650.0,763943.0
2021-08-25T00:00:00+09:00,16450.0,16500.0,16500.0,16150.0,433469.0
2021-08-26T00:00:00+09:00,16600.0,16500.0,16800.0,16400.0,556308.0
2021-08-27T00:00:00+09:00,16700.0,16450.0,16750.0,16300.0,480850.0
2021-08-30T00:00:00+09:00,16950.0,16850.0,17200.0,16800.0,761248.0
2021-08-31T00:00:00+09:00,17000.0,16900.0,17050.0,16550.0,526111.0
2021-09-01T00:00:00+09:00,17100.0,16950.0,17150.0,16800.0,482220.0
2021-09-02T00:00:00+09:00,17450.0,17050.0,17600.0,16850.0,1849933.0
2021-09-03T00:00:00+09:00,17450.0,17500.0,17550.0,17150.0,932597.0
2021-09-06T00:00:00+09:00,16900.0,17400.0,17450.0,16750.0,1280458.0
2021-09-07T00:00:00+09:00,17250.0,16900.0,17250.0,16700.0,608177.0
2021-09-08T00:00:00+09:00,17250.0,17150.0,17300.0,16800.0,1164762.0
2021-09-09T00:00:00+09:00,16900.0,17000.0,17050.0,16650.0,787606.0
2021-09-10T00:00:00+09:00,17200.0,16900.0,17300.0,16800.0,837003.0
2021-09-13T00:00:00+09:00,16900.0,17100.0,17200.0,16600.0,780105.0
2021-09-14T00:00:00+09:00,17350.0,16900.0,17400.0,16850.0,1795081.0
2021-09-15T00:00:00+09:00,17700.0,17350.0,18200.0,17100.0,2332755.0
2021-09-16T00:00:00+09:00,17350.0,17750.0,17800.0,17100.0,1424581.0
2021-09-17T00:00:00+09:00,17100.0,17500.0,17800.0,16900.0,1809946.0
2021-09-23T00:00:00+09:00,17450.0,16850.0,17550.0,16700.0,1329931.0
2021-09-24T00:00:00+09:00,17100.0,17600.0,17700.0,17000.0,877541.0
2021-09-27T00:00:00+09:00,17250.0,17000.0,17350.0,16850.0,457174.0
2021-09-28T00:00:00+09:00,17450.0,17200.0,17450.0,17050.0,713895.0
2021-09-29T00:00:00+09:00,17450.0,17100.0,17450.0,17000.0,684549.0
2021-09-30T00:00:00+09:00,17650.0,17450.0,17650.0,17200.0,708019.0
2021-10-01T00:00:00+09:00,17350.0,17350.0,17500.0,17050.0,794776.0
2021-10-05T00:00:00+09:00,17850.0,17350.0,18050.0,17350.0,2263238.0
2021-10-06T00:00:00+09:00,17450.0,17900.0,17950.0,17150.0,1569260.0
2021-10-07T00:00:00+09:00,17650.0,17500.0,17700.0,17250.0,954548.0
2021-10-08T00:00:00+09:00,17250.0,17700.0,17750.0,17200.0,844072.0
2021-10-12T00:00:00+09:00,17150.0,17250.0,17300.0,17000.0,583338.0
2021-10-13T00:00:00+09:00,17600.0,17300.0,17700.0,17300.0,1063737.0
2021-10-14T00:00:00+09:00,17650.0,17650.0,17850.0,17450.0,1432396.0
2021-10-15T00:00:00+09:00,17950.0,17800.0,18150.0,17650.0,1391622.0
2021-10-18T00:00:00+09:00,18100.0,18100.0,18300.0,17800.0,1120082.0
2021-10-19T00:00:00+09:00,18100.0,18200.0,18200.0,17900.0,695718.0
2021-10-20T00:00:00+09:00,17700.0,18000.0,18350.0,17700.0,821542.0
2021-10-21T00:00:00+09:00,17850.0,17700.0,17950.0,17600.0,661855.0
2021-10-22T00:00:00+09:00,17800.0,17700.0,17850.0,17500.0,881862.0
2021-10-25T00:00:00+09:00,18250.0,17850.0,18300.0,17600.0,1295142.0
2021-10-26T00:00:00+09:00,18200.0,18350.0,18350.0,18050.0,633108.0
2021-10-27T00:00:00+09:00,17850.0,18200.0,18200.0,17800.0,749763.0
2021-10-28T00:00:00+09:00,17800.0,17800.0,17850.0,17550.0,677227.0
2021-10-29T00:00:00+09:00,17400.0,17750.0,17850.0,17300.0,848393.0
2021-11-01T00:00:00+09:00,16950.0,17400.0,17650.0,16900.0,726805.0
2021-11-02T00:00:00+09:00,17300.0,17000.0,17350.0,16950.0,437559.0
2021-11-03T00:00:00+09:00,16650.0,17200.0,17200.0,16600.0,821236.0
2021-11-04T00:00:00+09:00,16700.0,16750.0,16850.0,16550.0,558970.0
2021-11-05T00:00:00+09:00,16100.0,16700.0,16700.0,16000.0,925017.0
2021-11-08T00:00:00+09:00,17050.0,16750.0,17150.0,16650.0,1269214.0
2021-11-09T00:00:00+09:00,17050.0,16900.0,17200.0,16750.0,694047.0
2021-11-10T00:00:00+09:00,16700.0,16900.0,16950.0,16650.0,447731.0
2021-11-11T00:00:00+09:00,16700.0,16500.0,16850.0,16250.0,789207.0
2021-11-12T00:00:00+09:00,16850.0,16550.0,16900.0,16450.0,436251.0
2021-11-15T00:00:00+09:00,16450.0,16850.0,16850.0,16400.0,497981.0
2021-11-16T00:00:00+09:00,16400.0,16500.0,16600.0,16200.0,509683.0
2021-11-17T00:00:00+09:00,15900.0,16350.0,16350.0,15800.0,728918.0
2021-11-18T00:00:00+09:00,15400.0,15750.0,15800.0,15350.0,761180.0
2021-11-19T00:00:00+09:00,15500.0,15400.0,15600.0,15400.0,375705.0
2021-11-22T00:00:00+09:00,15500.0,15300.0,15550.0,15200.0,536141.0
2021-11-23T00:00:00+09:00,15650.0,15450.0,15800.0,15350.0,339692.0
2021-11-24T00:00:00+09:00,15100.0,15550.0,15600.0,15000.0,829833.0
2021-11-25T00:00:00+09:00,14850.0,15150.0,15200.0,14800.0,463186.0
2021-11-26T00:00:00+09:00,14400.0,14800.0,14850.0,14250.0,855356.0
2021-11-29T00:00:00+09:00,14050.0,13750.0,14200.0,13750.0,1188917.0
2021-11-30T00:00:00+09:00,13700.0,14150.0,14250.0,13550.0,885734.0
2021-12-01T00:00:00+09:00,14250.0,13500.0,14250.0,13500.0,728654.0
2021-12-02T00:00:00+09:00,14400.0,13900.0,14450.0,13800.0,538341.0
2021-12-03T00:00:00+09:00,14550.0,14700.0,14850.0,14350.0,602268.0
2021-12-06T00:00:00+09:00,14800.0,14400.0,14850.0,14150.0,408442.0
2021-12-07T00:00:00+09:00,15000.0,15150.0,15250.0,14900.0,476149.0
2021-12-08T00:00:00+09:00,14850.0,15100.0,15100.0,14750.0,352097.0
2021-12-09T00:00:00+09:00,15100.0,14950.0,15250.0,14850.0,415280.0
2021-12-10T00:00:00+09:00,15050.0,14900.0,15100.0,14850.0,245001.0
2021-12-13T00:00:00+09:00,14800.0,14950.0,15100.0,14750.0,261599.0
2021-12-14T00:00:00+09:00,14700.0,14650.0,14850.0,14550.0,210875.0
2021-12-15T00:00:00+09:00,14700.0,14700.0,15000.0,14600.0,221900.0
2021-12-16T00:00:00+09:00,14400.0,14750.0,14800.0,14400.0,274886.0
2021-12-17T00:00:00+09:00,14600.0,14250.0,14600.0,14200.0,206167.0
2021-12-20T00:00:00+09:00,14250.0,14450.0,14500.0,14200.0,206840.0
2021-12-21T00:00:00+09:00,14350.0,14250.0,14400.0,14200.0,204383.0
2021-12-22T00:00:00+09:00,14800.0,14500.0,14850.0,14450.0,368594.0
2021-12-23T00:00:00+09:00,14900.0,14850.0,15100.0,14800.0,332191.0
2021-12-24T00:00:00+09:00,15000.0,15050.0,15150.0,14950.0,284826.0
2021-12-27T00:00:00+09:00,15000.0,14900.0,15000.0,14800.0,188984.0
2021-12-28T00:00:00+09:00,15250.0,15050.0,15250.0,14950.0,391569.0
2021-12-29T00:00:00+09:00,15200.0,15250.0,15450.0,15100.0,402338.0
2021-12-30T00:00:00+09:00,14950.0,15150.0,15150.0,14850.0,254156.0
2022-01-03T00:00:00+09:00,15100.0,15050.0,15150.0,14900.0,171968.0
2022-01-04T00:00:00+09:00,15100.0,15150.0,15200.0,14950.0,267793.0
2022-01-05T00:00:00+09:00,14950.0,15100.0,15100.0,14850.0,292009.0
2022-01-06T00:00:00+09:00,14950.0,14750.0,15000.0,14750.0,272442.0
2022-01-07T00:00:00+09:00,15150.0,14950.0,15150.0,14800.0,257787.0
2022-01-10T00:00:00+09:00,14900.0,15150.0,15150.0,14750.0,296506.0
2022-01-11T00:00:00+09:00,14850.0,14850.0,15000.0,14650.0,211944.0
2022-01-12T00:00:00+09:00,15050.0,14950.0,15200.0,14950.0,274205.0
2022-01-13T00:00:00+09:00,15600.0,15050.0,15650.0,15000.0,804088.0
2022-01-14T00:00:00+09:00,15450.0,15600.0,15800.0,15300.0,393602.0
2022-01-17T00:00:00+09:00,15450.0,15600.0,15650.0,15200.0,423061.0
2022-01-18T00:00:00+09:00,15200.0,15500.0,15600.0,15000.0,461357.0
2022-01-19T00:00:00+09:00,14850.0,15000.0,15200.0,14700.0,390535.0
2022-01-20T00:00:00+09:00,15200.0,14850.0,15200.0,14750.0,267808.0
2022-01-21T00:00:00+09:00,15150.0,14950.0,15200.0,14900.0,311444.0
2022-01-24T00:00:00+09:00,14650.0,15150.0,15200.0,14650.0,314928.0
2022-01-25T00:00:00+09:00,14250.0,14700.0,14750.0,14050.0,408442.0
2022-01-26T00:00:00+09:00,14600.0,14200.0,14650.0,14100.0,292125.0
2022-01-27T00:00:00+09:00,14050.0,14650.0,14650.0,14050.0,384463.0
2022-01-28T00:00:00+09:00,14950.0,14000.0,15000.0,13850.0,601908.0
2022-02-03T00:00:00+09:00,15100.0,15100.0,15500.0,14950.0,592886.0
2022-02-04T00:00:00+09:00,16400.0,15000.0,16500.0,14850.0,1703729.0
2022-02-07T00:00:00+09:00,16450.0,16350.0,17000.0,16050.0,2096850.0
2022-02-08T00:00:00+09:00,16450.0,16750.0,17100.0,16250.0,1427056.0
2022-02-09T00:00:00+09:00,16500.0,16650.0,16800.0,16250.0,862642.0
2022-02-10T00:00:00+09:00,16500.0,16500.0,16750.0,16250.0,783834.0
2022-02-11T00:00:00+09:00,16600.0,16400.0,17300.0,16250.0,1756437.0
2022-02-14T00:00:00+09:00,16650.0,16350.0,16950.0,16350.0,1082669.0
2022-02-15T00:00:00+09:00,16550.0,16700.0,16900.0,16250.0,1027608.0
2022-02-16T00:00:00+09:00,17200.0,17050.0,17200.0,16650.0,1257196.0
2022-02-17T00:00:00+09:00,17100.0,17100.0,17650.0,16850.0,1778208.0
2022-02-18T00:00:00+09:00,16600.0,17000.0,17450.0,16250.0,1518800.0
2022-02-21T00:00:00+09:00,17400.0,16450.0,17650.0,16450.0,1705237.0
2022-02-22T00:00:00+09:00,16950.0,17050.0,17350.0,16900.0,877715.0
2022-02-23T00:00:00+09:00,16850.0,17150.0,17150.0,16500.0,974486.0
2022-02-24T00:00:00+09:00,16100.0,16600.0,16650.0,16000.0,1385458.0
2022-02-25T00:00:00+09:00,16450.0,16450.0,16550.0,16050.0,749684.0
2022-02-28T00:00:00+09:00,16600.0,16350.0,16850.0,16150.0,579095.0
2022-03-02T00:00:00+09:00,16650.0,16500.0,16800.0,16400.0,469277.0
2022-03-03T00:00:00+09:00,16650.0,16950.0,17000.0,16550.0,518422.0
2022-03-04T00:00:00+09:00,16700.0,16650.0,16750.0,16350.0,512093.0
2022-03-07T00:00:00+09:00,16050.0,16400.0,16650.0,16050.0,640782.0
2022-03-08T00:00:00+09:00,15650.0,15750.0,16150.0,15400.0,972959.0
2022-03-10T00:00:00+09:00,16150.0,16050.0,16600.0,15950.0,873843.0
2022-03-11T00:00:00+09:00,17200.0,16300.0,17250.0,16250.0,1842435.0
2022-03-14T00:00:00+09:00,16750.0,17200.0,17450.0,16650.0,1035374.0
2022-03-15T00:00:00+09:00,16600.0,16650.0,17000.0,16400.0,731310.0
2022-03-16T00:00:00+09:00,16900.0,16900.0,16950.0,16500.0,839901.0
2022-03-17T00:00:00+09:00,16950.0,17050.0,17100.0,16700.0,655884.0
2022-03-18T00:00:00+09:00,16450.0,16850.0,16900.0,16400.0,736768.0
2022-03-21T00:00:00+09:00,16550.0,16650.0,16950.0,16500.0,592608.0
2022-03-22T00:00:00+09:00,16550.0,16500.0,16650.0,16500.0,206048.0
2022-03-23T00:00:00+09:00,16400.0,16650.0,16650.0,16350.0,380397.0
2022-03-24T00:00:00+09:00,16500.0,16300.0,16550.0,16200.0,334019.0
2022-03-25T00:00:00+09:00,16300.0,16500.0,16500.0,16150.0,406587.0
2022-03-28T00:00:00+09:00,16200.0,16300.0,16400.0,16100.0,360533.0
2022-03-29T00:00:00+09:00,16550.0,16300.0,16600.0,16200.0,513853.0
2022-03-30T00:00:00+09:00,16550.0,16650.0,16700.0,16500.0,317555.0
2022-03-31T00:00:00+09:00,16550.0,16500.0,16600.0,16400.0,272000.0
2022-04-01T00:00:00+09:00,17250.0,16500.0,17400.0,16450.0,1720766.0
2022-04-04T00:00:00+09:00,17500.0,17350.0,17550.0,17100.0,934834.0
2022-04-05T00:00:00+09:00,17700.0,17700.0,18250.0,17150.0,2255590.0
2022-04-06T00:00:00+09:00,17650.0,17650.0,17850.0,17500.0,818654.0
2022-04-07T00:00:00+09:00,16950.0,17450.0,17450.0,16850.0,931641.0
2022-04-08T00:00:00+09:00,16800.0,17000.0,17000.0,16550.0,484373.0
2022-04-11T00:00:00+09:00,16750.0,16800.0,16950.0,16550.0,549200.0
2022-04-12T00:00:00+09:00,16400.0,16500.0,16700.0,16350.0,480473.0
2022-04-13T00:00:00+09:00,16600.0,16450.0,16600.0,16300.0,387733.0
2022-04-14T00:00:00+09:00,16650.0,16750.0,16850.0,16600.0,437678.0
2022-04-15T00:00:00+09:00,16950.0,16750.0,17050.0,16650.0,710050.0
2022-04-18T00:00:00+09:00,16850.0,16950.0,17250.0,16800.0,543746.0
2022-04-19T00:00:00+09:00,16900.0,17000.0,17000.0,16700.0,369181.0
2022-04-20T00:00:00+09:00,16750.0,16950.0,17000.0,16700.0,290633.0
2022-04-21T00:00:00+09:00,16650.0,16800.0,16900.0,16650.0,367123.0
2022-04-22T00:00:00+09:00,16300.0,16550.0,16600.0,16250.0,638999.0
2022-04-25T00:00:00+09:00,16150.0,16000.0,16250.0,15800.0,642831.0
2022-04-26T00:00:00+09:00,16400.0,16250.0,16550.0,16050.0,351429.0
2022-04-27T00:00:00+09:00,16200.0,15950.0,16350.0,15950.0,307105.0
2022-04-28T00:00:00+09:00,16400.0,16300.0,16400.0,16150.0,377313.0
2022-04-29T00:00:00+09:00,16650.0,16450.0,16850.0,16400.0,499643.0
2022-05-02T00:00:00+09:00,16600.0,16450.0,16750.0,16400.0,457791.0
2022-05-03T00:00:00+09:00,16250.0,16650.0,16650.0,16250.0,492305.0
2022-05-04T00:00:00+09:00,16050.0,16300.0,16350.0,16000.0,375552.0
2022-05-06T00:00:00+09:00,15700.0,15850.0,16000.0,15500.0,645772.0
2022-05-09T00:00:00+09:00,15100.0,15700.0,15700.0,15000.0,798061.0
2022-05-10T00:00:00+09:00,15100.0,14750.0,15100.0,14550.0,679283.0
2022-05-11T00:00:00+09:00,15250.0,15050.0,15350.0,14850.0,430599.0
2022-05-12T00:00:00+09:00,14700.0,15050.0,15150.0,14700.0,544991.0
2022-05-13T00:00:00+09:00,15450.0,14800.0,15450.0,14800.0,573483.0
2022-05-16T00:00:00+09:00,15400.0,15550.0,15550.0,15250.0,319946.0
2022-05-17T00:00:00+09:00,15300.0,15450.0,15450.0,15200.0,238932.0
2022-05-18T00:00:00+09:00,15350.0,15400.0,15500.0,15200.0,273987.0
2022-05-19T00:00:00+09:00,15000.0,15000.0,15150.0,14850.0,328613.0
2022-05-20T00:00:00+09:00,15350.0,15100.0,15450.0,15100.0,320917.0
2022-05-23T00:00:00+09:00,15250.0,15350.0,15350.0,15050.0,278088.0
2022-05-24T00:00:00+09:00,14950.0,15100.0,15250.0,14850.0,328909.0
2022-05-25T00:00:00+09:00,15050.0,15000.0,15250.0,14950.0,252177.0
2022-05-26T00:00:00+09:00,15600.0,15200.0,15850.0,15150.0,838813.0
2022-05-27T00:00:00+09:00,16300.0,15950.0,16400.0,15700.0,1205735.0
2022-05-30T00:00:00+09:00,16350.0,16400.0,16550.0,16300.0,436290.0
2022-05-31T00:00:00+09:00,16400.0,16450.0,16500.0,16150.0,428670.0
2022-06-02T00:00:00+09:00,16500.0,16400.0,16600.0,16150.0,474278.0
2022-06-03T00:00:00+09:00,16650.0,16600.0,16900.0,16500.0,737884.0
2022-06-07T00:00:00+09:00,16550.0,16700.0,16800.0,16450.0,463827.0
2022-06-08T00:00:00+09:00,16550.0,16650.0,16750.0,16450.0,308488.0
2022-06-09T00:00:00+09:00,16550.0,16600.0,16650.0,16350.0,399739.0
2022-06-10T00:00:00+09:00,16600.0,16400.0,16800.0,16250.0,627370.0
2022-06-13T00:00:00+09:00,15800.0,16250.0,16350.0,15750.0,771225.0
2022-06-14T00:00:00+09:00,15800.0,15500.0,15900.0,15350.0,650771.0
2022-06-15T00:00:00+09:00,15400.0,15750.0,15800.0,15150.0,502946.0
2022-06-16T00:00:00+09:00,15150.0,15650.0,15700.0,15150.0,371493.0
2022-06-17T00:00:00+09:00,15300.0,14650.0,15350.0,14650.0,513883.0
2022-06-20T00:00:00+09:00,15000.0,15350.0,15400.0,14800.0,499557.0
2022-06-21T00:00:00+09:00,15350.0,14950.0,15600.0,14900.0,465754.0
2022-06-22T00:00:00+09:00,14700.0,15450.0,15500.0,14600.0,639813.0
2022-06-23T00:00:00+09:00,12850.0,14600.0,14950.0,12700.0,2448595.0
2022-06-24T00:00:00+09:00,13450.0,12900.0,13600.0,12900.0,900369.0
2022-06-27T00:00:00+09:00,13950.0,13600.0,14100.0,13350.0,613331.0
2022-06-28T00:00:00+09:00,13650.0,13900.0,14000.0,13500.0,444842.0
2022-06-29T00:00:00+09:00,13750.0,13700.0,13950.0,13350.0,661554.0
2022-06-30T00:00:00+09:00,13500.0,13800.0,13850.0,13450.0,353700.0
2022-07-01T00:00:00+09:00,13350.0,13550.0,13750.0,13200.0,447582.0
2022-07-04T00:00:00+09:00,13300.0,13400.0,13550.0,13050.0,322157.0
2022-07-05T00:00:00+09:00,13650.0,13300.0,13900.0,13250.0,496835.0
2022-07-06T00:00:00+09:00,13400.0,13650.0,13900.0,13400.0,447999.0
2022-07-07T00:00:00+09:00,13850.0,13500.0,13900.0,13400.0,440991.0
2022-07-08T00:00:00+09:00,13700.0,13900.0,13950.0,13550.0,257449.0
2022-07-11T00:00:00+09:00,12700.0,13650.0,13650.0,12650.0,1276542.0
2022-07-12T00:00:00+09:00,12350.0,12500.0,12600.0,12050.0,891480.0
2022-07-13T00:00:00+09:00,12750.0,12250.0,12800.0,12250.0,543752.0
2022-07-14T00:00:00+09:00,12750.0,12550.0,13000.0,12500.0,443373.0
2022-07-15T00:00:00+09:00,12650.0,12850.0,12900.0,12400.0,298566.0
2022-07-18T00:00:00+09:00,12750.0,12800.0,12900.0,12650.0,420403.0
2022-07-19T00:00:00+09:00,12600.0,12600.0,12750.0,12500.0,281683.0
2022-07-20T00:00:00+09:00,12650.0,12800.0,12950.0,12600.0,394536.0
2022-07-21T00:00:00+09:00,12850.0,12800.0,13050.0,12700.0,442113.0
2022-07-22T00:00:00+09:00,13100.0,12900.0,13350.0,12850.0,735317.0
2022-07-25T00:00:00+09:00,13250.0,13050.0,13250.0,13000.0,276606.0
2022-07-26T00:00:00+09:00,13150.0,13150.0,13250.0,13000.0,206091.0
2022-07-27T00:00:00+09:00,13150.0,13100.0,13150.0,13000.0,158316.0
2022-07-28T00:00:00+09:00,13400.0,13250.0,13450.0,13100.0,421533.0
2022-07-29T00:00:00+09:00,13550.0,13450.0,13650.0,13400.0,296675.0
2022-08-01T00:00:00+09:00,13600.0,13600.0,13800.0,13500.0,206927.0
2022-08-02T00:00:00+09:00,13900.0,13500.0,14050.0,13450.0,676439.0
2022-08-03T00:00:00+09:00,14300.0,13900.0,14400.0,13750.0,720927.0
2022-08-04T00:00:00+09:00,14550.0,14450.0,14900.0,14350.0,928192.0
2022-08-05T00:00:00+09:00,14550.0,14550.0,14600.0,14300.0,382775.0
2022-08-08T00:00:00+09:00,14700.0,14450.0,14800.0,14350.0,410645.0
2022-08-09T00:00:00+09:00,14800.0,14700.0,14900.0,14450.0,374439.0
2022-08-10T00:00:00+09:00,14750.0,14700.0,14950.0,14500.0,428970.0
2022-08-11T00:00:00+09:00,15100.0,14800.0,15200.0,14800.0,652042.0
2022-08-12T00:00:00+09:00,15150.0,15150.0,15250.0,14850.0,330465.0
2022-08-16T00:00:00+09:00,15200.0,15300.0,15500.0,15100.0,408916.0
2022-08-17T00:00:00+09:00,15200.0,15100.0,15300.0,14900.0,247425.0
2022-08-18T00:00:00+09:00,15300.0,15000.0,15500.0,14900.0,470428.0
2022-08-19T00:00:00+09:00,15150.0,15200.0,15300.0,15000.0,368743.0
2022-08-22T00:00:00+09:00,15050.0,14950.0,15250.0,14750.0,367476.0
2022-08-23T00:00:00+09:00,14750.0,14850.0,15100.0,14650.0,419223.0
2022-08-24T00:00:00+09:00,15850.0,14500.0,16000.0,14500.0,1784630.0
2022-08-25T00:00:00+09:00,16050.0,15900.0,16200.0,15700.0,609401.0
2022-08-26T00:00:00+09:00,15550.0,16000.0,16050.0,15500.0,475249.0
2022-08-29T00:00:00+09:00,15600.0,15100.0,15750.0,15050.0,783574.0
2022-08-30T00:00:00+09:00,15800.0,15700.0,16050.0,15600.0,568652.0
2022-08-31T00:00:00+09:00,16000.0,15800.0,16200.0,15550.0,877660.0
2022-09-01T00:00:00+09:00,16050.0,15900.0,16400.0,15800.0,1065081.0
2022-09-02T00:00:00+09:00,16300.0,16150.0,16550.0,15950.0,903518.0
2022-09-05T00:00:00+09:00,16100.0,16350.0,16600.0,16000.0,588799.0
2022-09-06T00:00:00+09:00,16150.0,16250.0,16400.0,16000.0,415779.0
2022-09-07T00:00:00+09:00,16050.0,16050.0,16100.0,15750.0,381878.0
2022-09-08T00:00:00+09:00,16050.0,16250.0,16300.0,15900.0,394160.0
2022-09-13T00:00:00+09:00,16300.0,16200.0,16500.0,16150.0,435065.0
2022-09-14T00:00:00+09:00,16150.0,15800.0,16400.0,15700.0,475504.0
2022-09-15T00:00:00+09:00,16200.0,16200.0,16350.0,16100.0,251280.0
2022-09-16T00:00:00+09:00,16200.0,16150.0,16200.0,15900.0,306699.0
2022-09-19T00:00:00+09:00,16000.0,16200.0,16250.0,15900.0,342042.0
2022-09-20T00:00:00+09:00,16750.0,16200.0,16850.0,16150.0,1184618.0
2022-09-21T00:00:00+09:00,16450.0,16800.0,16950.0,16400.0,614557.0
2022-09-22T00:00:00+09:00,16650.0,16250.0,16750.0,16000.0,682396.0
2022-09-23T00:00:00+09:00,15650.0,16550.0,16550.0,15400.0,1534034.0
2022-09-26T00:00:00+09:00,15050.0,15350.0,15550.0,14900.0,720759.0
2022-09-27T00:00:00+09:00,16200.0,15300.0,16250.0,15200.0,1630429.0
2022-09-28T00:00:00+09:00,15900.0,16200.0,16450.0,15650.0,930376.0
2022-09-29T00:00:00+09:00,15650.0,15950.0,16100.0,15550.0,703622.0
2022-09-30T00:00:00+09:00,15400.0,15550.0,15800.0,15200.0,637828.0
2022-10-04T00:00:00+09:00,16000.0,15500.0,16000.0,15450.0,419481.0
2022-10-05T00:00:00+09:00,15600.0,16150.0,16200.0,15350.0,698250.0
2022-10-06T00:00:00+09:00,15700.0,15700.0,15750.0,15200.0,774837.0
2022-10-07T00:00:00+09:00,16200.0,15700.0,16300.0,15550.0,998972.0
2022-10-11T00:00:00+09:00,15050.0,15950.0,16100.0,14850.0,1128127.0
2022-10-12T00:00:00+09:00,15000.0,15050.0,15150.0,14700.0,555918.0
2022-10-13T00:00:00+09:00,14350.0,14850.0,14950.0,14250.0,751123.0
2022-10-14T00:00:00+09:00,14850.0,14700.0,15000.0,14450.0,515670.0
2022-10-17T00:00:00+09:00,14600.0,14550.0,14750.0,14400.0,351935.0
2022-10-18T00:00:00+09:00,15400.0,14850.0,15500.0,14800.0,830248.0
2022-10-19T00:00:00+09:00,15050.0,15500.0,15550.0,14950.0,424486.0
2022-10-20T00:00:00+09:00,14800.0,15050.0,15200.0,14550.0,363162.0
2022-10-21T00:00:00+09:00,14750.0,14850.0,14950.0,14550.0,286496.0
2022-10-24T00:00:00+09:00,14450.0,14950.0,15000.0,14350.0,518907.0
2022-10-25T00:00:00+09:00,13950.0,14350.0,14400.0,13750.0,796482.0
2022-10-26T00:00:00+09:00,13850.0,13900.0,14000.0,13600.0,518605.0
2022-10-27T00:00:00+09:00,14050.0,13850.0,14300.0,13800.0,524094.0
2022-10-28T00:00:00+09:00,14150.0,14000.0,14550.0,13900.0,385200.0
2022-10-31T00:00:00+09:00,14200.0,14300.0,14350.0,13850.0,256720.0
2022-11-01T00:00:00+09:00,14500.0,14150.0,14550.0,14150.0,323863.0
2022-11-02T00:00:00+09:00,14750.0,14400.0,14800.0,14300.0,516813.0
2022-11-03T00:00:00+09:00,14450.0,14550.0,14750.0,14450.0,293257.0
2022-11-04T00:00:00+09:00,15100.0,14400.0,15200.0,14150.0,1202491.0
2022-11-07T00:00:00+09:00,14900.0,14800.0,15000.0,14200.0,771140.0
2022-11-08T00:00:00+09:00,15150.0,14900.0,15300.0,14750.0,492403.0
2022-11-09T00:00:00+09:00,15000.0,15150.0,15300.0,14900.0,513078.0
2022-11-10T00:00:00+09:00,15250.0,14850.0,15850.0,14700.0,1738096.0
2022-11-11T00:00:00+09:00,16550.0,15950.0,16600.0,15900.0,2151493.0
2022-11-14T00:00:00+09:00,16650.0,16600.0,16950.0,16500.0,1070603.0
2022-11-15T00:00:00+09:00,16900.0,16650.0,16950.0,16550.0,602558.0
2022-11-16T00:00:00+09:00,17050.0,16900.0,17100.0,16600.0,832221.0
2022-11-17T00:00:00+09:00,16900.0,16900.0,17250.0,16500.0,774579.0
2022-11-18T00:00:00+09:00,16750.0,16900.0,17000.0,16600.0,572774.0
2022-11-21T00:00:00+09:00,16200.0,16750.0,16800.0,16050.0,996726.0
2022-11-22T00:00:00+09:00,15650.0,16200.0,16300.0,15500.0,1020983.0
2022-11-23T00:00:00+09:00,16050.0,15750.0,16150.0,15600.0,552453.0
2022-11-24T00:00:00+09:00,16150.0,16100.0,16350.0,16000.0,352746.0
2022-11-25T00:00:00+09:00,16200.0,16200.0,16300.0,15950.0,232147.0
2022-11-28T00:00:00+09:00,16200.0,16050.0,16300.0,15850.0,390614.0
2022-11-29T00:00:00+09:00,16900.0,16100.0,17100.0,16050.0,1443661.0
2022-11-30T00:00:00+09:00,17200.0,16800.0,17450.0,16700.0,1348710.0
2022-12-01T00:00:00+09:00,17250.0,17400.0,17600.0,17050.0,1354772.0
2022-12-02T00:00:00+09:00,17400.0,17150.0,17550.0,17050.0,794374.0
2022-12-05T00:00:00+09:00,18050.0,17550.0,18250.0,17450.0,2256936.0
2022-12-06T00:00:00+09:00,17750.0,17950.0,18200.0,17550.0,987198.0
2022-12-07T00:00:00+09:00,17700.0,17750.0,18200.0,17600.0,990955.0
2022-12-08T00:00:00+09:00,17650.0,17650.0,17850.0,17050.0,1222912.0
2022-12-09T00:00:00+09:00,17650.0,17800.0,17850.0,17200.0,963545.0
2022-12-12T00:00:00+09:00,17600.0,17500.0,17700.0,17300.0,465060.0
2022-12-13T00:00:00+09:00,17450.0,17750.0,17750.0,17250.0,495799.0
2022-12-14T00:00:00+09:00,17500.0,17500.0,17550.0,17300.0,347268.0
2022-12-15T00:00:00+09:00,17300.0,17550.0,17700.0,17200.0,495959.0
2022-12-16T00:00:00+09:00,17700.0,17000.0,17750.0,16950.0,656816.0
2022-12-19T00:00:00+09:00,17750.0,17650.0,17900.0,17350.0,520684.0
2022-12-20T00:00:00+09:00,17400.0,17700.0,17700.0,17100.0,620561.0
2022-12-21T00:00:00+09:00,17450.0,17450.0,17500.0,17100.0,296380.0
2022-12-22T00:00:00+09:00,17600.0,17500.0,17600.0,17200.0,508871.0
2022-12-23T00:00:00+09:00,17400.0,17300.0,17500.0,17200.0,429134.0
2022-12-26T00:00:00+09:00,17000.0,17300.0,17400.0,16600.0,662945.0
2022-12-27T00:00:00+09:00,17750.0,17150.0,17900.0,17150.0,950183.0
2022-12-28T00:00:00+09:00,18100.0,17750.0,18350.0,17550.0,1438424.0
2022-12-29T00:00:00+09:00,17600.0,17750.0,18000.0,17450.0,850809.0
2023-01-02T00:00:00+09:00,17450.0,17200.0,17600.0,16500.0,1209714.0
2023-01-03T00:00:00+09:00,17600.0,17350.0,17900.0,17100.0,725268.0
2023-01-04T00:00:00+09:00,17600.0,17550.0,17800.0,17150.0,499513.0
2023-01-05T00:00:00+09:00,17900.0,17700.0,17950.0,17500.0,586475.0
2023-01-06T00:00:00+09:00,17500.0,17850.0,18150.0,17400.0,797768.0
2023-01-09T00:00:00+09:00,17600.0,17650.0,17800.0,17450.0,673145.0
2023-01-10T00:00:00+09:00,17200.0,17500.0,17650.0,17150.0,722954.0
2023-01-11T00:00:00+09:00,17700.0,17250.0,17800.0,17200.0,754043.0
2023-01-12T00:00:00+09:00,16900.0,17650.0,17700.0,16900.0,1413710.0
2023-01-13T00:00:00+09:00,17000.0,17000.0,17250.0,16950.0,551061.0
2023-01-16T00:00:00+09:00,17500.0,17050.0,17700.0,17000.0,832528.0
2023-01-17T00:00:00+09:00,17550.0,17550.0,17700.0,17400.0,523808.0
2023-01-18T00:00:00+09:00,17550.0,17500.0,18150.0,17300.0,1342226.0
2023-01-19T00:00:00+09:00,17900.0,17450.0,17950.0,17400.0,694920.0
2023-01-20T00:00:00+09:00,18200.0,17950.0,18250.0,17650.0,936569.0
2023-01-25T00:00:00+09:00,18280.0,18350.0,18450.0,17960.0,843691.0
2023-01-26T00:00:00+09:00,18200.0,18290.0,18430.0,18090.0,757976.0
2023-01-27T00:00:00+09:00,18120.0,18230.0,18670.0,17680.0,1589008.0
2023-01-30T00:00:00+09:00,18050.0,18120.0,18220.0,17980.0,660518.0
2023-01-31T00:00:00+09:00,17990.0,18000.0,18150.0,17880.0,527324.0
2023-02-01T00:00:00+09:00,17650.0,18150.0,18200.0,17580.0,930338.0
2023-02-02T00:00:00+09:00,17600.0,17740.0,17910.0,17390.0,1047700.0
2023-02-03T00:00:00+09:00,17350.0,17600.0,17690.0,17280.0,814461.0
2023-02-06T00:00:00+09:00,17520.0,17300.0,17840.0,17110.0,808135.0
2023-02-07T00:00:00+09:00,17600.0,17550.0,17640.0,17270.0,791507.0
2023-02-08T00:00:00+09:00,17440.0,17670.0,17670.0,17400.0,502464.0
2023-02-09T00:00:00+09:00,17980.0,17490.0,18180.0,17430.0,1563646.0
2023-02-10T00:00:00+09:00,18320.0,18060.0,18800.0,18000.0,1655532.0
2023-02-13T00:00:00+09:00,18030.0,18430.0,18600.0,17880.0,829183.0
2023-02-14T00:00:00+09:00,18130.0,18130.0,18360.0,17950.0,549623.0
2023-02-15T00:00:00+09:00,17880.0,18250.0,18260.0,17850.0,760747.0
2023-02-16T00:00:00+09:00,17880.0,17990.0,18100.0,17710.0,572412.0
2023-02-17T00:00:00+09:00,17790.0,17850.0,18060.0,17560.0,617231.0
2023-02-20T00:00:00+09:00,17580.0,17790.0,17830.0,17500.0,594615.0
2023-02-21T00:00:00+09:00,17000.0,17670.0,17670.0,16910.0,1485847.0
2023-02-22T00:00:00+09:00,16490.0,16840.0,16840.0,16440.0,936278.0
2023-02-23T00:00:00+09:00,16730.0,16630.0,16960.0,16630.0,653245.0
2023-02-24T00:00:00+09:00,16480.0,16780.0,16780.0,16470.0,472290.0
2023-02-27T00:00:00+09:00,16440.0,16480.0,16540.0,16110.0,546971.0
2023-02-28T00:00:00+09:00,16740.0,16530.0,16930.0,16530.0,814704.0
2023-03-02T00:00:00+09:00,17100.0,16990.0,17260.0,16990.0,935166.0
2023-03-03T00:00:00+09:00,16880.0,17210.0,17220.0,16820.0,560604.0
2023-03-06T00:00:00+09:00,16790.0,17040.0,17040.0,16610.0,590099.0
2023-03-07T00:00:00+09:00,16200.0,16850.0,16860.0,16140.0,1016564.0
2023-03-08T00:00:00+09:00,15990.0,16040.0,16100.0,15700.0,718608.0
2023-03-09T00:00:00+09:00,16130.0,16080.0,16410.0,15930.0,488731.0
2023-03-10T00:00:00+09:00,15800.0,16050.0,16050.0,15760.0,441999.0
2023-03-13T00:00:00+09:00,15850.0,15670.0,15850.0,15420.0,483093.0
2023-03-14T00:00:00+09:00,15540.0,15760.0,15800.0,15200.0,717718.0
2023-03-15T00:00:00+09:00,15380.0,15700.0,15700.0,15260.0,608063.0
2023-03-16T00:00:00+09:00,15450.0,15260.0,15580.0,15070.0,501281.0
2023-03-17T00:00:00+09:00,15900.0,15550.0,16010.0,15460.0,738261.0
2023-03-20T00:00:00+09:00,15970.0,15860.0,16500.0,15850.0,1075769.0
2023-03-21T00:00:00+09:00,16300.0,16060.0,16340.0,15900.0,638805.0
2023-03-22T00:00:00+09:00,15970.0,16350.0,16360.0,15740.0,909970.0
2023-03-23T00:00:00+09:00,16400.0,15940.0,16510.0,15820.0,1090181.0
2023-03-24T00:00:00+09:00,16360.0,16450.0,16450.0,16080.0,635705.0
2023-03-27T00:00:00+09:00,16230.0,16390.0,16460.0,15840.0,1053462.0
2023-03-28T00:00:00+09:00,16390.0,16250.0,16450.0,16170.0,621463.0
2023-03-29T00:00:00+09:00,16750.0,16420.0,16770.0,16310.0,889429.0
2023-03-30T00:00:00+09:00,16700.0,16800.0,16830.0,16470.0,647109.0
2023-03-31T00:00:00+09:00,16790.0,16750.0,16800.0,16580.0,522024.0
2023-04-03T00:00:00+09:00,16890.0,16890.0,17150.0,16800.0,800011.0
2023-04-04T00:00:00+09:00,16750.0,16870.0,17100.0,16570.0,931968.0
2023-04-05T00:00:00+09:00,16240.0,16660.0,16770.0,16210.0,1084645.0
2023-04-06T00:00:00+09:00,16350.0,16250.0,16460.0,16130.0,518094.0
2023-04-07T00:00:00+09:00,16400.0,16350.0,16540.0,16270.0,429585.0
2023-04-10T00:00:00+09:00,16120.0,16390.0,16390.0,16010.0,687225.0
2023-04-11T00:00:00+09:00,16350.0,16110.0,16540.0,16100.0,614387.0
2023-04-12T00:00:00+09:00,16240.0,16390.0,16480.0,16160.0,388022.0
2023-04-13T00:00:00+09:00,16130.0,16200.0,16370.0,16020.0,839463.0
2023-04-14T00:00:00+09:00,16150.0,16200.0,16330.0,16090.0,633617.0
2023-04-17T00:00:00+09:00,15790.0,16180.0,16180.0,15710.0,1167180.0
2023-04-18T00:00:00+09:00,16440.0,15870.0,16460.0,15740.0,1444823.0
2023-04-19T00:00:00+09:00,16500.0,16490.0,16630.0,16250.0,863852.0
2023-04-20T00:00:00+09:00,16450.0,16560.0,16580.0,16230.0,881521.0
2023-04-21T00:00:00+09:00,14740.0,16350.0,16360.0,14620.0,4305875.0
2023-04-24T00:00:00+09:00,14840.0,14700.0,14890.0,14460.0,1260433.0
2023-04-25T00:00:00+09:00,14880.0,14750.0,15050.0,14610.0,1084662.0
2023-04-26T00:00:00+09:00,15180.0,14750.0,15200.0,14690.0,825641.0
2023-04-27T00:00:00+09:00,15150.0,15200.0,15250.0,15000.0,511971.0
2023-04-28T00:00:00+09:00,15350.0,15180.0,15460.0,15040.0,763955.0
2023-05-02T00:00:00+09:00,15750.0,15360.0,15770.0,15250.0,753754.0
2023-05-03T00:00:00+09:00,15550.0,15690.0,15930.0,15540.0,690525.0
2023-05-04T00:00:00+09:00,15370.0,15580.0,15590.0,15290.0,419221.0
2023-05-08T00:00:00+09:00,14870.0,15480.0,15480.0,14840.0,1487652.0
2023-05-09T00:00:00+09:00,14920.0,14930.0,15080.0,14830.0,657218.0
2023-05-10T00:00:00+09:00,14980.0,14950.0,15230.0,14910.0,793072.0
2023-05-11T00:00:00+09:00,14980.0,15200.0,15230.0,14960.0,885964.0
2023-05-12T00:00:00+09:00,15110.0,15000.0,15200.0,14910.0,882005.0
2023-05-15T00:00:00+09:00,14950.0,15100.0,15100.0,14750.0,735132.0
2023-05-16T00:00:00+09:00,14780.0,15010.0,15070.0,14770.0,450600.0
2023-05-17T00:00:00+09:00,15150.0,14750.0,15180.0,14750.0,482265.0
2023-05-18T00:00:00+09:00,15080.0,15210.0,15340.0,15040.0,494719.0
2023-05-19T00:00:00+09:00,15190.0,15090.0,15240.0,14990.0,473109.0
2023-05-22T00:00:00+09:00,15210.0,15250.0,15310.0,15100.0,408520.0
2023-05-23T00:00:00+09:00,15270.0,15160.0,15310.0,15060.0,352669.0
2023-05-24T00:00:00+09:00,15000.0,15120.0,15150.0,15000.0,322819.0
2023-05-25T00:00:00+09:00,14720.0,14950.0,15060.0,14680.0,533963.0
2023-05-26T00:00:00+09:00,14800.0,14700.0,14850.0,14590.0,371505.0
2023-05-30T00:00:00+09:00,14470.0,14800.0,14800.0,14360.0,669597.0
2023-05-31T00:00:00+09:00,14360.0,14440.0,14580.0,14310.0,515805.0
2023-06-01T00:00:00+09:00,14430.0,14370.0,14660.0,14260.0,778533.0
2023-06-02T00:00:00+09:00,14340.0,14500.0,14500.0,14290.0,378432.0
2023-06-05T00:00:00+09:00,14460.0,14500.0,14670.0,14420.0,507219.0
2023-06-07T00:00:00+09:00,14460.0,14510.0,14620.0,14460.0,403299.0
2023-06-08T00:00:00+09:00,14270.0,14490.0,14490.0,14270.0,598319.0
2023-06-09T00:00:00+09:00,14180.0,14360.0,14490.0,14120.0,739706.0
2023-06-12T00:00:00+09:00,13920.0,14180.0,14180.0,13610.0,1129582.0
2023-06-13T00:00:00+09:00,13930.0,13950.0,14230.0,13920.0,759720.0
2023-06-14T00:00:00+09:00,13800.0,13960.0,13970.0,13640.0,558559.0
2023-06-15T00:00:00+09:00,13620.0,13800.0,13820.0,13480.0,652826.0
2023-06-16T00:00:00+09:00,13740.0,13650.0,13890.0,13650.0,427925.0
2023-06-19T00:00:00+09:00,13910.0,13770.0,14030.0,13700.0,498744.0
2023-06-20T00:00:00+09:00,14140.0,14100.0,14510.0,14090.0,1420438.0
2023-06-21T00:00:00+09:00,14550.0,14140.0,14640.0,14100.0,1481501.0
2023-06-22T00:00:00+09:00,14470.0,14500.0,14630.0,14300.0,579938.0
2023-06-23T00:00:00+09:00,14400.0,14530.0,14550.0,14330.0,475724.0
2023-06-26T00:00:00+09:00,14000.0,14390.0,14470.0,13960.0,580662.0
2023-06-27T00:00:00+09:00,14090.0,14000.0,14370.0,13940.0,601809.0
2023-06-28T00:00:00+09:00,14190.0,14110.0,14300.0,14060.0,438747.0
2023-06-29T00:00:00+09:00,13880.0,14240.0,14260.0,13810.0,504659.0
2023-06-30T00:00:00+09:00,14130.0,13870.0,14210.0,13820.0,621156.0
2023-07-03T00:00:00+09:00,14490.0,14230.0,14750.0,14080.0,1291958.0
2023-07-04T00:00:00+09:00,14520.0,14750.0,15100.0,14480.0,1633861.0
2023-07-05T00:00:00+09:00,14520.0,14580.0,14850.0,14460.0,829720.0
2023-07-06T00:00:00+09:00,14080.0,14520.0,14520.0,14050.0,759915.0
2023-07-07T00:00:00+09:00,14350.0,14200.0,14410.0,14180.0,623980.0
2023-07-10T00:00:00+09:00,14460.0,14430.0,14670.0,14200.0,664547.0
2023-07-11T00:00:00+09:00,14640.0,14530.0,14680.0,14430.0,455226.0
2023-07-12T00:00:00+09:00,14860.0,14610.0,14980.0,14560.0,706011.0
2023-07-13T00:00:00+09:00,14610.0,14980.0,14980.0,14520.0,817756.0
2023-07-14T00:00:00+09:00,15000.0,14680.0,15270.0,14670.0,1353131.0
2023-07-17T00:00:00+09:00,14680.0,14930.0,15000.0,14580.0,794754.0
2023-07-18T00:00:00+09:00,14380.0,14680.0,14810.0,14360.0,617288.0
2023-07-19T00:00:00+09:00,14440.0,14420.0,14590.0,14180.0,715901.0
2023-07-20T00:00:00+09:00,14120.0,14460.0,14490.0,14060.0,678395.0
2023-07-21T00:00:00+09:00,13930.0,14130.0,14140.0,13880.0,478538.0
2023-07-24T00:00:00+09:00,13560.0,13920.0,13920.0,13550.0,718149.0
2023-07-25T00:00:00+09:00,13240.0,13580.0,13620.0,13160.0,911356.0
2023-07-26T00:00:00+09:00,12790.0,13160.0,13170.0,12570.0,1298493.0
2023-07-27T00:00:00+09:00,14160.0,12810.0,14170.0,12810.0,1618169.0
2023-07-28T00:00:00+09:00,14190.0,14080.0,14200.0,13760.0,858513.0
2023-07-31T00:00:00+09:00,14360.0,14280.0,14450.0,14060.0,695376.0
2023-08-01T00:00:00+09:00,14290.0,14300.0,14550.0,14090.0,667388.0
2023-08-02T00:00:00+09:00,14240.0,14270.0,14410.0,14000.0,576063.0
2023-08-03T00:00:00+09:00,13990.0,14210.0,14220.0,13910.0,531200.0
2023-08-04T00:00:00+09:00,14420.0,13950.0,14550.0,13920.0,652432.0
2023-08-07T00:00:00+09:00,14520.0,14430.0,14540.0,14360.0,541352.0
2023-08-08T00:00:00+09:00,14350.0,14580.0,14650.0,14330.0,401397.0
2023-08-09T00:00:00+09:00,14450.0,14380.0,14450.0,14150.0,548882.0
2023-08-10T00:00:00+09:00,17070.0,16300.0,17740.0,15520.0,20996063.0
2023-08-11T00:00:00+09:00,17480.0,17650.0,17810.0,16800.0,7845818.0
2023-08-14T00:00:00+09:00,18010.0,17800.0,18550.0,17800.0,7148746.0
2023-08-16T00:00:00+09:00,17800.0,17880.0,17980.0,17300.0,2823030.0
2023-08-17T00:00:00+09:00,17180.0,17410.0,17420.0,16700.0,2115318.0
2023-08-18T00:00:00+09:00,17200.0,16960.0,17470.0,16720.0,2427626.0
2023-08-21T00:00:00+09:00,16630.0,16850.0,17260.0,16350.0,1637604.0
2023-08-22T00:00:00+09:00,16620.0,16700.0,16870.0,16510.0,948160.0
2023-08-23T00:00:00+09:00,16680.0,16680.0,17100.0,16600.0,1091934.0
2023-08-24T00:00:00+09:00,17020.0,16800.0,17200.0,16470.0,1518125.0
2023-08-25T00:00:00+09:00,17030.0,16940.0,17180.0,16760.0,815682.0
2023-08-28T00:00:00+09:00,17190.0,17470.0,17900.0,17100.0,1712924.0
2023-08-29T00:00:00+09:00,16790.0,17260.0,17270.0,16780.0,1012949.0
2023-08-30T00:00:00+09:00,16900.0,16950.0,17000.0,16690.0,699514.0
2023-08-31T00:00:00+09:00,16850.0,16860.0,16960.0,16710.0,701655.0
2023-09-01T00:00:00+09:00,17120.0,16860.0,17420.0,16760.0,1543253.0
2023-09-04T00:00:00+09:00,17010.0,17230.0,17230.0,16710.0,904575.0
2023-09-05T00:00:00+09:00,16850.0,17100.0,17490.0,16790.0,1045997.0
2023-09-06T00:00:00+09:00,17250.0,17000.0,17500.0,16900.0,1674492.0
2023-09-07T00:00:00+09:00,17140.0,17330.0,17350.0,16930.0,718633.0
2023-09-08T00:00:00+09:00,17560.0,17200.0,17640.0,17140.0,1225609.0
2023-09-11T00:00:00+09:00,17480.0,17600.0,17610.0,17270.0,825211.0
2023-09-12T00:00:00+09:00,16930.0,17550.0,17730.0,16780.0,1104282.0
2023-09-13T00:00:00+09:00,16950.0,16930.0,17170.0,16810.0,503041.0
2023-09-14T00:00:00+09:00,16900.0,17090.0,17120.0,16820.0,587384.0
2023-09-15T00:00:00+09:00,16960.0,16800.0,17100.0,16800.0,551423.0
2023-09-18T00:00:00+09:00,16940.0,16900.0,17120.0,16850.0,451328.0
2023-09-19T00:00:00+09:00,16840.0,17050.0,17300.0,16760.0,708187.0
2023-09-20T00:00:00+09:00,16650.0,16840.0,16850.0,16530.0,554461.0
2023-09-21T00:00:00+09:00,16440.0,16580.0,16930.0,16260.0,751309.0
2023-09-22T00:00:00+09:00,16550.0,16300.0,16560.0,16220.0,409538.0
2023-09-25T00:00:00+09:00,16530.0,16600.0,16840.0,16440.0,608443.0
2023-09-26T00:00:00+09:00,16010.0,16530.0,16590.0,15940.0,644445.0
2023-09-27T00:00:00+09:00,16270.0,15940.0,16300.0,15880.0,424432.0
2023-10-04T00:00:00+09:00,15210.0,16190.0,16190.0,14990.0,1469125.0
2023-10-05T00:00:00+09:00,14880.0,15350.0,15420.0,14840.0,799256.0
2023-10-06T00:00:00+09:00,14800.0,15010.0,15240.0,14760.0,553016.0
2023-10-10T00:00:00+09:00,14580.0,14600.0,15140.0,14460.0,846256.0
2023-10-11T00:00:00+09:00,14820.0,14740.0,14970.0,14660.0,382498.0
2023-10-12T00:00:00+09:00,14950.0,14890.0,15100.0,14840.0,447111.0
2023-10-13T00:00:00+09:00,14800.0,14860.0,15140.0,14700.0,475789.0
2023-10-16T00:00:00+09:00,14530.0,14690.0,14740.0,14390.0,462337.0
2023-10-17T00:00:00+09:00,14580.0,14620.0,14780.0,14510.0,310195.0
2023-10-18T00:00:00+09:00,14410.0,14600.0,14640.0,14300.0,482630.0
2023-10-19T00:00:00+09:00,14060.0,14240.0,14240.0,14030.0,420949.0
2023-10-20T00:00:00+09:00,13880.0,14000.0,14100.0,13720.0,547137.0
2023-10-23T00:00:00+09:00,14140.0,13930.0,14360.0,13930.0,531420.0
2023-10-24T00:00:00+09:00,14470.0,14290.0,14500.0,14010.0,483072.0
2023-10-25T00:00:00+09:00,14670.0,14490.0,14880.0,14310.0,602154.0
2023-10-26T00:00:00+09:00,14500.0,14410.0,14840.0,14230.0,423515.0
2023-10-27T00:00:00+09:00,14440.0,14600.0,14750.0,14240.0,450247.0
2023-10-30T00:00:00+09:00,14670.0,14360.0,14740.0,14360.0,281939.0
2023-10-31T00:00:00+09:00,14660.0,14700.0,14990.0,14480.0,495174.0
2023-11-01T00:00:00+09:00,14550.0,14710.0,14710.0,14460.0,241735.0
2023-11-02T00:00:00+09:00,13580.0,14710.0,14800.0,13490.0,2045147.0
2023-11-03T00:00:00+09:00,14180.0,13710.0,14270.0,13640.0,1568212.0
2023-11-06T00:00:00+09:00,14500.0,14400.0,14650.0,14260.0,793341.0
2023-11-07T00:00:00+09:00,14430.0,14610.0,14690.0,14180.0,572732.0
2023-11-08T00:00:00+09:00,14420.0,14550.0,14620.0,14390.0,402637.0
2023-11-09T00:00:00+09:00,14670.0,14510.0,14880.0,14440.0,1039667.0
2023-11-10T00:00:00+09:00,14120.0,14670.0,14670.0,14020.0,990549.0
2023-11-13T00:00:00+09:00,13660.0,14280.0,14280.0,13650.0,743133.0
2023-11-14T00:00:00+09:00,13840.0,13690.0,13880.0,13680.0,371914.0
2023-11-15T00:00:00+09:00,14340.0,14090.0,14420.0,13970.0,533008.0
2023-11-16T00:00:00+09:00,14240.0,14340.0,14350.0,14150.0,332159.0
2023-11-17T00:00:00+09:00,14070.0,14210.0,14210.0,13980.0,330305.0
2023-11-20T00:00:00+09:00,14180.0,14090.0,14230.0,13990.0,276415.0
2023-11-21T00:00:00+09:00,14120.0,14220.0,14220.0,14080.0,319121.0
2023-11-22T00:00:00+09:00,14060.0,14070.0,14160.0,13960.0,381073.0
2023-11-23T00:00:00+09:00,14050.0,14100.0,14110.0,14010.0,222280.0
2023-11-24T00:00:00+09:00,14050.0,14130.0,14190.0,13980.0,422329.0
2023-11-27T00:00:00+09:00,13860.0,14050.0,14060.0,13740.0,507115.0
2023-11-28T00:00:00+09:00,13720.0,13860.0,13890.0,13700.0,496093.0
2023-11-29T00:00:00+09:00,13460.0,13710.0,13710.0,13370.0,841693.0
2023-11-30T00:00:00+09:00,13350.0,13450.0,13450.0,13260.0,652118.0
2023-12-01T00:00:00+09:00,13320.0,13310.0,13500.0,13290.0,383405.0
2023-12-04T00:00:00+09:00,13330.0,13320.0,13450.0,13250.0,297342.0
2023-12-05T00:00:00+09:00,13280.0,13340.0,13340.0,13250.0,282070.0
2023-12-06T00:00:00+09:00,13440.0,13270.0,13490.0,13210.0,476551.0
2023-12-07T00:00:00+09:00,13200.0,13440.0,13460.0,13200.0,359700.0
2023-12-08T00:00:00+09:00,13330.0,13210.0,13360.0,13160.0,279501.0
2023-12-11T00:00:00+09:00,13570.0,13380.0,13640.0,13370.0,405177.0
2023-12-12T00:00:00+09:00,13590.0,13570.0,13660.0,13440.0,298410.0
2023-12-13T00:00:00+09:00,13600.0,13590.0,13700.0,13490.0,316358.0
2023-12-14T00:00:00+09:00,13750.0,13710.0,13810.0,13670.0,452278.0
2023-12-15T00:00:00+09:00,13700.0,13750.0,13770.0,13600.0,327463.0
2023-12-18T00:00:00+09:00,13730.0,13700.0,13730.0,13610.0,209923.0
2023-12-19T00:00:00+09:00,13550.0,13670.0,13680.0,13510.0,360313.0
2023-12-20T00:00:00+09:00,13650.0,13600.0,13710.0,13570.0,246529.0
2023-12-21T00:00:00+09:00,13380.0,13500.0,13650.0,13380.0,353975.0
2023-12-22T00:00:00+09:00,13410.0,13430.0,13460.0,13320.0,187856.0
2023-12-26T00:00:00+09:00,13220.0,13410.0,13430.0,13140.0,426216.0
2023-12-27T00:00:00+09:00,13160.0,13140.0,13280.0,13120.0,275228.0
2023-12-28T00:00:00+09:00,13320.0,13120.0,13320.0,13120.0,268827.0
2024-01-02T00:00:00+09:00,13440.0,13300.0,13510.0,13300.0,283637.0
2024-01-03T00:00:00+09:00,13290.0,13400.0,13470.0,13260.0,334088.0
2024-01-04T00:00:00+09:00,13030.0,13300.0,13310.0,13010.0,551972.0
2024-01-05T00:00:00+09:00,12960.0,13020.0,13100.0,12930.0,453950.0
2024-01-08T00:00:00+09:00,13050.0,12950.0,13110.0,12930.0,219214.0
2024-01-09T00:00:00+09:00,13310.0,13130.0,13310.0,13070.0,295144.0
2024-01-10T00:00:00+09:00,13050.0,13300.0,13310.0,13040.0,301189.0
2024-01-11T00:00:00+09:00,13060.0,13050.0,13140.0,13020.0,270595.0
2024-01-12T00:00:00+09:00,12850.0,13060.0,13130.0,12790.0,538586.0
2024-01-15T00:00:00+09:00,12840.0,12870.0,12980.0,12800.0,235751.0
2024-01-16T00:00:00+09:00,12520.0,12810.0,12850.0,12490.0,514501.0
2024-01-17T00:00:00+09:00,12300.0,12530.0,12600.0,12210.0,557166.0
2024-01-18T00:00:00+09:00,12310.0,12210.0,12480.0,12210.0,267847.0
2024-01-19T00:00:00+09:00,12650.0,12400.0,12780.0,12400.0,473572.0
2024-01-22T00:00:00+09:00,12660.0,12730.0,12830.0,12580.0,277492.0
2024-01-23T00:00:00+09:00,12560.0,12780.0,12780.0,12490.0,248965.0
2024-01-24T00:00:00+09:00,12590.0,12540.0,12680.0,12510.0,347029.0
2024-01-25T00:00:00+09:00,12450.0,12560.0,12560.0,12270.0,399609.0
2024-01-26T00:00:00+09:00,12990.0,12400.0,13050.0,12400.0,591509.0
2024-01-29T00:00:00+09:00,12750.0,12930.0,12960.0,12700.0,288963.0
2024-01-30T00:00:00+09:00,12780.0,12750.0,12990.0,12740.0,296925.0
2024-01-31T00:00:00+09:00,12650.0,12780.0,12830.0,12620.0,230276.0
2024-02-01T00:00:00+09:00,12930.0,12690.0,12970.0,12600.0,403507.0
2024-02-02T00:00:00+09:00,13050.0,13000.0,13140.0,12890.0,550772.0
2024-02-05T00:00:00+09:00,13020.0,13090.0,13110.0,12850.0,267109.0
2024-02-06T00:00:00+09:00,13020.0,13000.0,13250.0,12920.0,433377.0
2024-02-07T00:00:00+09:00,13120.0,13140.0,13180.0,12970.0,286785.0
2024-02-08T00:00:00+09:00,13180.0,13150.0,13280.0,13070.0,490500.0
2024-02-13T00:00:00+09:00,13150.0,13220.0,13280.0,12940.0,387836.0
2024-02-14T00:00:00+09:00,13120.0,12970.0,13290.0,12970.0,308566.0
2024-02-15T00:00:00+09:00,13060.0,13180.0,13280.0,12980.0,520406.0
2024-02-16T00:00:00+09:00,13160.0,13370.0,13500.0,13070.0,815466.0
2024-02-19T00:00:00+09:00,13410.0,13140.0,13530.0,13140.0,933308.0
2024-02-20T00:00:00+09:00,13110.0,13450.0,13460.0,13070.0,624462.0
2024-02-21T00:00:00+09:00,13100.0,13010.0,13210.0,12970.0,315226.0
2024-02-22T00:00:00+09:00,12840.0,13120.0,13120.0,12830.0,581997.0
2024-02-23T00:00:00+09:00,12650.0,12840.0,12850.0,12590.0,528252.0
2024-02-26T00:00:00+09:00,12590.0,12590.0,12660.0,12520.0,275215.0
2024-02-27T00:00:00+09:00,12370.0,12530.0,12540.0,12300.0,465386.0
2024-02-28T00:00:00+09:00,12630.0,12380.0,12710.0,12310.0,350837.0
2024-02-29T00:00:00+09:00,12660.0,12560.0,12660.0,12500.0,290194.0
2024-03-04T00:00:00+09:00,12800.0,12720.0,12810.0,12620.0,313807.0
2024-03-05T00:00:00+09:00,13000.0,12830.0,13090.0,12780.0,610906.0
2024-03-06T00:00:00+09:00,12900.0,13000.0,13050.0,12860.0,502933.0
2024-03-07T00:00:00+09:00,13550.0,13440.0,13740.0,13170.0,2585781.0
2024-03-08T00:00:00+09:00,13210.0,13630.0,13660.0,13200.0,799421.0
2024-03-11T00:00:00+09:00,13110.0,13210.0,13360.0,13100.0,411188.0
2024-03-12T00:00:00+09:00,13250.0,13120.0,13260.0,13080.0,301919.0
2024-03-13T00:00:00+09:00,13090.0,13260.0,13300.0,13040.0,423979.0
2024-03-14T00:00:00+09:00,13320.0,13090.0,13320.0,13050.0,382757.0
2024-03-15T00:00:00+09:00,13070.0,13190.0,13250.0,13030.0,344139.0
2024-03-18T00:00:00+09:00,13050.0,13090.0,13120.0,13010.0,185119.0
2024-03-19T00:00:00+09:00,13450.0,13170.0,13560.0,13160.0,1094710.0
2024-03-20T00:00:00+09:00,13530.0,13560.0,13640.0,13400.0,767155.0
2024-03-21T00:00:00+09:00,13580.0,13550.0,13650.0,13420.0,518869.0
2024-03-22T00:00:00+09:00,13680.0,13580.0,13790.0,13500.0,547380.0
2024-03-25T00:00:00+09:00,13770.0,13820.0,13820.0,13600.0,520687.0
2024-03-26T00:00:00+09:00,14120.0,13790.0,14140.0,13620.0,983893.0
2024-03-27T00:00:00+09:00,14420.0,14170.0,14450.0,14120.0,1273303.0
2024-03-28T00:00:00+09:00,14310.0,14490.0,14620.0,14310.0,956820.0
2024-03-29T00:00:00+09:00,14220.0,14310.0,14340.0,14050.0,519336.0
2024-04-01T00:00:00+09:00,15310.0,14300.0,15310.0,14290.0,2213276.0
2024-04-02T00:00:00+09:00,14650.0,15130.0,15190.0,14590.0,1191235.0
2024-04-03T00:00:00+09:00,14800.0,14650.0,15050.0,14590.0,957517.0
2024-04-04T00:00:00+09:00,14980.0,14940.0,15180.0,14590.0,965115.0
2024-04-05T00:00:00+09:00,15010.0,14870.0,15100.0,14750.0,527559.0
2024-04-08T00:00:00+09:00,15090.0,15050.0,15150.0,14740.0,644360.0
2024-04-09T00:00:00+09:00,15180.0,15190.0,15670.0,15060.0,1253000.0
2024-04-11T00:00:00+09:00,14750.0,15180.0,15220.0,14660.0,848480.0
2024-04-12T00:00:00+09:00,14640.0,14680.0,14780.0,14310.0,713228.0
2024-04-15T00:00:00+09:00,14470.0,14400.0,14570.0,14290.0,457849.0
2024-04-16T00:00:00+09:00,14560.0,14390.0,14570.0,14140.0,505517.0
2024-04-17T00:00:00+09:00,14850.0,14790.0,15100.0,14700.0,916292.0
2024-04-18T00:00:00+09:00,15070.0,15000.0,15180.0,14890.0,474346.0
2024-04-19T00:00:00+09:00,15090.0,14980.0,15240.0,14810.0,795758.0
2024-04-22T00:00:00+09:00,14830.0,15150.0,15160.0,14690.0,551449.0
2024-04-23T00:00:00+09:00,14680.0,14830.0,14920.0,14540.0,308020.0
2024-04-24T00:00:00+09:00,14730.0,14820.0,14890.0,14610.0,343075.0
2024-04-25T00:00:00+09:00,14710.0,14610.0,14780.0,14520.0,344427.0
2024-04-26T00:00:00+09:00,14910.0,14730.0,14960.0,14570.0,420166.0
2024-04-29T00:00:00+09:00,15050.0,14980.0,15140.0,14920.0,538163.0
2024-04-30T00:00:00+09:00,15060.0,15080.0,15180.0,14960.0,364771.0
2024-05-02T00:00:00+09:00,15400.0,15060.0,15710.0,14920.0,1303543.0
2024-05-03T00:00:00+09:00,15410.0,15560.0,15570.0,15200.0,593574.0
2024-05-07T00:00:00+09:00,14890.0,15550.0,15580.0,14720.0,1420193.0
2024-05-08T00:00:00+09:00,14920.0,14850.0,14930.0,14740.0,506153.0
2024-05-09T00:00:00+09:00,14850.0,14920.0,15130.0,14750.0,699133.0
2024-05-10T00:00:00+09:00,15020.0,14960.0,15120.0,14780.0,798677.0
2024-05-13T00:00:00+09:00,15240.0,15130.0,15280.0,14910.0,735825.0
2024-05-14T00:00:00+09:00,15020.0,15210.0,15290.0,14970.0,457846.0
2024-05-16T00:00:00+09:00,14970.0,15120.0,15170.0,14940.0,428246.0
2024-05-17T00:00:00+09:00,14890.0,15100.0,15100.0,14870.0,288740.0
2024-05-20T00:00:00+09:00,14900.0,14890.0,14950.0,14590.0,613276.0
2024-05-21T00:00:00+09:00,14580.0,14920.0,14920.0,14530.0,491384.0
2024-05-22T00:00:00+09:00,14490.0,14580.0,14670.0,14290.0,571302.0
2024-05-23T00:00:00+09:00,14530.0,14480.0,14690.0,14450.0,293026.0
2024-05-24T00:00:00+09:00,14490.0,14390.0,14700.0,14380.0,359194.0
2024-05-27T00:00:00+09:00,14580.0,14670.0,14840.0,14500.0,356885.0
2024-05-28T00:00:00+09:00,14120.0,14570.0,14570.0,14110.0,730711.0
2024-05-29T00:00:00+09:00,13820.0,14120.0,14130.0,13800.0,615417.0
2024-05-30T00:00:00+09:00,14010.0,13820.0,14060.0,13760.0,368484.0
2024-05-31T00:00:00+09:00,14320.0,14050.0,14360.0,14010.0,477988.0
2024-06-03T00:00:00+09:00,14230.0,14350.0,14390.0,14100.0,277081.0
2024-06-04T00:00:00+09:00,13940.0,14190.0,14270.0,13940.0,299965.0
2024-06-05T00:00:00+09:00,13950.0,13960.0,14110.0,13870.0,233089.0
2024-06-07T00:00:00+09:00,14010.0,14020.0,14080.0,13950.0,158285.0
2024-06-10T00:00:00+09:00,14050.0,13910.0,14160.0,13820.0,180040.0
2024-06-11T00:00:00+09:00,14030.0,14050.0,14200.0,13980.0,155834.0
2024-06-12T00:00:00+09:00,13990.0,14020.0,14130.0,13940.0,159753.0
2024-06-13T00:00:00+09:00,14000.0,14130.0,14190.0,13990.0,342882.0
2024-06-14T00:00:00+09:00,14520.0,14100.0,14570.0,14030.0,846451.0
2024-06-17T00:00:00+09:00,14290.0,14430.0,14540.0,14150.0,311011.0
2024-06-18T00:00:00+09:00,14240.0,14300.0,14420.0,14200.0,274734.0
2024-06-19T00:00:00+09:00,13900.0,14310.0,14310.0,13800.0,732386.0
2024-06-20T00:00:00+09:00,14020.0,13900.0,14100.0,13870.0,274274.0
2024-06-21T00:00:00+09:00,14860.0,14120.0,14860.0,14050.0,1534677.0
2024-06-24T00:00:00+09:00,14240.0,14860.0,14860.0,14230.0,644282.0
2024-06-25T00:00:00+09:00,14380.0,14250.0,14490.0,14210.0,290087.0
2024-06-26T00:00:00+09:00,14230.0,14380.0,14430.0,14160.0,253393.0
2024-06-27T00:00:00+09:00,14060.0,14220.0,14230.0,13970.0,255833.0
2024-06-28T00:00:00+09:00,14100.0,14090.0,14220.0,13950.0,194007.0
2024-07-01T00:00:00+09:00,14230.0,14080.0,14290.0,14080.0,197398.0
2024-07-02T00:00:00+09:00,14040.0,14230.0,14230.0,13960.0,276512.0
2024-07-03T00:00:00+09:00,13070.0,14050.0,14060.0,13010.0,1266610.0
2024-07-04T00:00:00+09:00,12700.0,12930.0,13140.0,12550.0,1102609.0
2024-07-05T00:00:00+09:00,12510.0,12750.0,12750.0,12360.0,1167501.0
2024-07-08T00:00:00+09:00,12680.0,12510.0,12690.0,12510.0,437804.0
2024-07-09T00:00:00+09:00,12700.0,12680.0,12810.0,12560.0,370256.0
2024-07-10T00:00:00+09:00,12740.0,12720.0,12770.0,12600.0,265173.0
2024-07-11T00:00:00+09:00,12840.0,12750.0,12930.0,12710.0,359861.0
2024-07-12T00:00:00+09:00,12950.0,12860.0,12990.0,12820.0,313743.0
2024-07-15T00:00:00+09:00,12970.0,12950.0,12980.0,12910.0,146559.0
2024-07-16T00:00:00+09:00,12780.0,12970.0,12990.0,12650.0,312642.0
2024-07-17T00:00:00+09:00,12570.0,12800.0,12810.0,12530.0,570767.0
2024-07-18T00:00:00+09:00,12530.0,12510.0,12590.0,12400.0,232514.0
2024-07-19T00:00:00+09:00,12220.0,12490.0,12520.0,12200.0,752620.0
2024-07-22T00:00:00+09:00,12120.0,12230.0,12300.0,12070.0,321599.0
2024-07-23T00:00:00+09:00,12150.0,12200.0,12280.0,11940.0,608150.0
2024-07-24T00:00:00+09:00,12050.0,12140.0,12170.0,12000.0,256088.0
2024-07-25T00:00:00+09:00,12060.0,11940.0,12120.0,11930.0,287947.0
2024-07-26T00:00:00+09:00,11970.0,12060.0,12090.0,11930.0,317972.0
2024-07-29T00:00:00+09:00,12090.0,12000.0,12120.0,11940.0,171560.0
2024-07-30T00:00:00+09:00,11840.0,12070.0,12130.0,11800.0,325347.0
2024-07-31T00:00:00+09:00,11800.0,11860.0,12050.0,11790.0,603552.0
2024-08-01T00:00:00+09:00,12070.0,11890.0,12110.0,11830.0,293015.0
2024-08-02T00:00:00+09:00,11810.0,11920.0,11990.0,11770.0,407963.0
2024-08-05T00:00:00+09:00,10470.0,11740.0,11740.0,10330.0,1110426.0
2024-08-06T00:00:00+09:00,11080.0,10450.0,11140.0,10450.0,509498.0
2024-08-07T00:00:00+09:00,11080.0,11040.0,11300.0,10910.0,321276.0
2024-08-08T00:00:00+09:00,11000.0,10910.0,11120.0,10870.0,192421.0
2024-08-09T00:00:00+09:00,10840.0,11170.0,11250.0,10770.0,374362.0
2024-08-12T00:00:00+09:00,10840.0,10840.0,11010.0,10770.0,442123.0
2024-08-13T00:00:00+09:00,10620.0,10820.0,10870.0,10600.0,345376.0
2024-08-14T00:00:00+09:00,10930.0,10700.0,10930.0,10650.0,289018.0
2024-08-16T00:00:00+09:00,10820.0,10980.0,11030.0,10810.0,297009.0
2024-08-19T00:00:00+09:00,10750.0,10850.0,10880.0,10710.0,188205.0
2024-08-20T00:00:00+09:00,10780.0,10760.0,10830.0,10760.0,153346.0
2024-08-21T00:00:00+09:00,10850.0,10800.0,10870.0,10740.0,198802.0
2024-08-22T00:00:00+09:00,11010.0,10900.0,11230.0,10880.0,413637.0
2024-08-23T00:00:00+09:00,11100.0,11010.0,11190.0,10960.0,185961.0
2024-08-26T00:00:00+09:00,11090.0,11210.0,11210.0,11000.0,193336.0
2024-08-27T00:00:00+09:00,11150.0,11100.0,11240.0,10990.0,184844.0
2024-08-28T00:00:00+09:00,11050.0,11170.0,11180.0,11010.0,128820.0
2024-08-29T00:00:00+09:00,11030.0,11000.0,11060.0,10910.0,142993.0
2024-08-30T00:00:00+09:00,11190.0,11030.0,11190.0,10960.0,206463.0
2024-09-02T00:00:00+09:00,11320.0,11230.0,11380.0,11070.0,212527.0
2024-09-03T00:00:00+09:00,11540.0,11380.0,11670.0,11330.0,527284.0
2024-09-04T00:00:00+09:00,11230.0,11280.0,11400.0,11180.0,313798.0
2024-09-05T00:00:00+09:00,11650.0,11380.0,12020.0,11310.0,1162153.0
2024-09-06T00:00:00+09:00,11490.0,11720.0,11800.0,11390.0,413087.0
2024-09-09T00:00:00+09:00,11500.0,11280.0,11600.0,11130.0,229969.0
2024-09-10T00:00:00+09:00,11320.0,11540.0,11600.0,11310.0,209715.0
2024-09-11T00:00:00+09:00,11180.0,11330.0,11440.0,11150.0,205526.0
2024-09-12T00:00:00+09:00,11320.0,11200.0,11450.0,11190.0,288011.0
2024-09-13T00:00:00+09:00,11460.0,11300.0,11490.0,11220.0,210065.0
2024-09-19T00:00:00+09:00,11140.0,11600.0,11620.0,11130.0,461161.0
2024-09-20T00:00:00+09:00,11040.0,11160.0,11180.0,10980.0,429640.0
2024-09-23T00:00:00+09:00,10980.0,11100.0,11100.0,10980.0,135636.0
2024-09-24T00:00:00+09:00,11100.0,10980.0,11110.0,10960.0,172890.0
2024-09-25T00:00:00+09:00,11170.0,11200.0,11560.0,11140.0,880546.0
2024-09-26T00:00:00+09:00,11380.0,11260.0,11400.0,11160.0,395957.0
2024-09-27T00:00:00+09:00,12050.0,11420.0,12130.0,11400.0,1558820.0
2024-09-30T00:00:00+09:00,12070.0,12230.0,12480.0,12050.0,1130064.0
2024-10-02T00:00:00+09:00,11890.0,11970.0,12100.0,11820.0,355825.0
2024-10-04T00:00:00+09:00,11260.0,11730.0,11780.0,11100.0,1016495.0
2024-10-07T00:00:00+09:00,11290.0,11400.0,11400.0,11200.0,201849.0
2024-10-08T00:00:00+09:00,11020.0,11390.0,11440.0,11010.0,517015.0
2024-10-10T00:00:00+09:00,10850.0,11040.0,11090.0,10850.0,703945.0
2024-10-11T00:00:00+09:00,10930.0,10810.0,10980.0,10810.0,240891.0
2024-10-14T00:00:00+09:00,10820.0,10940.0,10940.0,10590.0,348719.0
2024-10-15T00:00:00+09:00,10610.0,10820.0,10840.0,10530.0,508653.0
2024-10-16T00:00:00+09:00,10700.0,10530.0,10700.0,10350.0,512414.0
2024-10-17T00:00:00+09:00,10700.0,10620.0,10720.0,10520.0,246369.0
2024-10-18T00:00:00+09:00,10590.0,10690.0,10740.0,10530.0,210489.0
2024-10-21T00:00:00+09:00,10580.0,10510.0,10650.0,10510.0,139890.0
2024-10-22T00:00:00+09:00,10360.0,10500.0,10560.0,10340.0,236485.0
2024-10-23T00:00:00+09:00,10400.0,10370.0,10420.0,10290.0,213027.0
2024-10-24T00:00:00+09:00,10300.0,10350.0,10430.0,10280.0,125417.0
2024-10-25T00:00:00+09:00,10100.0,10310.0,10360.0,10050.0,201556.0
2024-10-28T00:00:00+09:00,10260.0,10050.0,10300.0,10050.0,95656.0
2024-10-29T00:00:00+09:00,10360.0,10260.0,10390.0,10220.0,84131.0
2024-10-30T00:00:00+09:00,10350.0,10360.0,10570.0,10200.0,192846.0
2024-10-31T00:00:00+09:00,10580.0,10350.0,10580.0,10240.0,158776.0
2024-11-01T00:00:00+09:00,10470.0,10540.0,10580.0,10400.0,136240.0
2024-11-04T00:00:00+09:00,10570.0,10540.0,10720.0,10500.0,222418.0
2024-11-05T00:00:00+09:00,10420.0,10570.0,10580.0,10410.0,133799.0
2024-11-06T00:00:00+09:00,10230.0,10440.0,10480.0,10190.0,205703.0
2024-11-07T00:00:00+09:00,10200.0,10230.0,10260.0,10130.0,121562.0
2024-11-08T00:00:00+09:00,10180.0,10240.0,10260.0,10160.0,154872.0
2024-11-11T00:00:00+09:00,9830.0,10180.0,10200.0,9830.0,521622.0
2024-11-12T00:00:00+09:00,9460.0,9830.0,9860.0,9320.0,652854.0
2024-11-13T00:00:00+09:00,9170.0,9290.0,9450.0,9160.0,342326.0
2024-11-14T00:00:00+09:00,9020.0,9170.0,9310.0,9020.0,298110.0
2024-11-15T00:00:00+09:00,9340.0,9020.0,9370.0,9000.0,252490.0
2024-11-18T00:00:00+09:00,9490.0,9250.0,9590.0,9250.0,217977.0
2024-11-19T00:00:00+09:00,9600.0,9500.0,9610.0,9460.0,99983.0
2024-11-20T00:00:00+09:00,9670.0,9620.0,9720.0,9550.0,115278.0
2024-11-21T00:00:00+09:00,9710.0,9650.0,9710.0,9570.0,90485.0
2024-11-22T00:00:00+09:00,9720.0,9730.0,9760.0,9660.0,103863.0
2024-11-25T00:00:00+09:00,10000.0,9730.0,10000.0,9720.0,180294.0
2024-11-26T00:00:00+09:00,10030.0,9990.0,10070.0,9900.0,134190.0
2024-11-27T00:00:00+09:00,10030.0,10040.0,10070.0,9940.0,201727.0
2024-11-28T00:00:00+09:00,10050.0,10000.0,10050.0,9960.0,124183.0
2024-11-29T00:00:00+09:00,10050.0,10050.0,10050.0,9840.0,234210.0
2024-12-02T00:00:00+09:00,10280.0,10080.0,10300.0,10020.0,229058.0
2024-12-03T00:00:00+09:00,10460.0,10280.0,10480.0,10250.0,222993.0
2024-12-04T00:00:00+09:00,10040.0,10210.0,10340.0,9990.0,327167.0
2024-12-05T00:00:00+09:00,9990.0,10040.0,10140.0,9900.0,140208.0
2024-12-06T00:00:00+09:00,9960.0,9990.0,10000.0,9460.0,208303.0
2024-12-09T00:00:00+09:00,9410.0,9750.0,9790.0,9230.0,200463.0
2024-12-10T00:00:00+09:00,9850.0,9410.0,9870.0,9410.0,144179.0
2024-12-11T00:00:00+09:00,9970.0,9850.0,10010.0,9810.0,91184.0
2024-12-12T00:00:00+09:00,9980.0,9970.0,10060.0,9890.0,148740.0
2024-12-13T00:00:00+09:00,10030.0,9980.0,10180.0,9960.0,129314.0
2024-12-16T00:00:00+09:00,10150.0,10130.0,10200.0,10080.0,108176.0
2024-12-17T00:00:00+09:00,10050.0,10150.0,10160.0,10020.0,80579.0
2024-12-18T00:00:00+09:00,10000.0,10100.0,10100.0,9950.0,113434.0
2024-12-19T00:00:00+09:00,9810.0,9860.0,9920.0,9800.0,105995.0
2024-12-20T00:00:00+09:00,9680.0,9810.0,9870.0,9650.0,159454.0
2024-12-23T00:00:00+09:00,9730.0,9690.0,9810.0,9650.0,151707.0
2024-12-24T00:00:00+09:00,9780.0,9800.0,9900.0,9750.0,98487.0
2024-12-26T00:00:00+09:00,9730.0,9830.0,9890.0,9720.0,142844.0
2024-12-27T00:00:00+09:00,9590.0,9730.0,9790.0,9550.0,103687.0
2024-12-30T00:00:00+09:00,9600.0,9560.0,9750.0,9500.0,100761.0
2025-01-02T00:00:00+09:00,9670.0,9610.0,9740.0,9610.0,74608.0
2025-01-03T00:00:00+09:00,9800.0,9670.0,9980.0,9670.0,164118.0
2025-01-06T00:00:00+09:00,10000.0,9800.0,10060.0,9800.0,236773.0
2025-01-07T00:00:00+09:00,9930.0,10090.0,10150.0,9880.0,148812.0
2025-01-08T00:00:00+09:00,9940.0,9900.0,10070.0,9900.0,106194.0
2025-01-09T00:00:00+09:00,9860.0,10000.0,10010.0,9850.0,122008.0
2025-01-10T00:00:00+09:00,9980.0,9960.0,10020.0,9600.0,138153.0
2025-01-13T00:00:00+09:00,9920.0,9980.0,10070.0,9860.0,97867.0
2025-01-14T00:00:00+09:00,9980.0,9940.0,10040.0,9890.0,88771.0
2025-01-15T00:00:00+09:00,10120.0,10040.0,10240.0,10040.0,330290.0
2025-01-16T00:00:00+09:00,9960.0,10210.0,10210.0,9960.0,230910.0
2025-01-17T00:00:00+09:00,10170.0,10000.0,10190.0,9960.0,254932.0
2025-01-20T00:00:00+09:00,10090.0,10190.0,10240.0,10050.0,167367.0
2025-01-21T00:00:00+09:00,10030.0,10110.0,10190.0,10000.0,131471.0
2025-01-22T00:00:00+09:00,9990.0,10010.0,10090.0,9990.0,126347.0
2025-01-23T00:00:00+09:00,9950.0,10040.0,10040.0,9940.0,93264.0
2025-01-24T00:00:00+09:00,9980.0,9950.0,10080.0,9950.0,119134.0
2025-01-31T00:00:00+09:00,9910.0,9980.0,10000.0,9850.0,161842.0
2025-02-03T00:00:00+09:00,9730.0,9870.0,9870.0,9650.0,139121.0
2025-02-04T00:00:00+09:00,9970.0,9730.0,10010.0,9730.0,124299.0
2025-02-05T00:00:00+09:00,9910.0,9960.0,10080.0,9910.0,150894.0
2025-02-06T00:00:00+09:00,9920.0,9930.0,9990.0,9890.0,113761.0
2025-02-07T00:00:00+09:00,9920.0,9930.0,9980.0,9870.0,160539.0
2025-02-10T00:00:00+09:00,10000.0,9940.0,10060.0,9910.0,155980.0
2025-02-11T00:00:00+09:00,9990.0,10040.0,10200.0,9980.0,244030.0
2025-02-12T00:00:00+09:00,10280.0,10070.0,10280.0,10050.0,415688.0
2025-02-13T00:00:00+09:00,10240.0,10390.0,10390.0,10200.0,353615.0
2025-02-14T00:00:00+09:00,10350.0,10300.0,10400.0,10250.0,255940.0
2025-02-17T00:00:00+09:00,10470.0,10400.0,10490.0,10350.0,357668.0
2025-02-18T00:00:00+09:00,10430.0,10500.0,10520.0,10290.0,251370.0
2025-02-19T00:00:00+09:00,10410.0,10420.0,10430.0,10210.0,286355.0
2025-02-20T00:00:00+09:00,10840.0,10580.0,11120.0,10560.0,1310642.0
2025-02-21T00:00:00+09:00,10860.0,10840.0,10930.0,10730.0,368223.0
2025-02-24T00:00:00+09:00,10740.0,10720.0,10830.0,10650.0,262991.0
2025-02-25T00:00:00+09:00,11300.0,10720.0,11330.0,10650.0,970215.0
2025-02-26T00:00:00+09:00,11170.0,11300.0,11310.0,11050.0,439774.0
2025-02-27T00:00:00+09:00,11230.0,11170.0,11340.0,11070.0,294862.0
2025-02-28T00:00:00+09:00,10910.0,11150.0,11290.0,10900.0,430761.0
2025-03-04T00:00:00+09:00,10720.0,10840.0,11060.0,10670.0,301158.0
2025-03-05T00:00:00+09:00,10690.0,10710.0,10890.0,10550.0,258492.0
2025-03-06T00:00:00+09:00,10650.0,10790.0,10840.0,10610.0,211427.0
2025-03-07T00:00:00+09:00,11010.0,10750.0,11130.0,10550.0,432102.0
2025-03-10T00:00:00+09:00,10980.0,11110.0,11110.0,10910.0,174285.0
2025-03-11T00:00:00+09:00,11060.0,10780.0,11130.0,10720.0,212639.0
2025-03-12T00:00:00+09:00,11020.0,11060.0,11140.0,10980.0,174099.0
2025-03-13T00:00:00+09:00,10300.0,11090.0,11090.0,10050.0,818554.0
2025-03-14T00:00:00+09:00,10320.0,10230.0,10360.0,10100.0,345083.0
2025-03-17T00:00:00+09:00,10520.0,10400.0,10540.0,10330.0,195241.0
2025-03-18T00:00:00+09:00,10560.0,10540.0,10580.0,10470.0,136215.0
2025-03-19T00:00:00+09:00,10620.0,10580.0,10770.0,10520.0,152296.0
2025-03-20T00:00:00+09:00,10550.0,10620.0,10700.0,10510.0,176649.0
2025-03-21T00:00:00+09:00,10790.0,10680.0,11080.0,10650.0,1058520.0
2025-03-24T00:00:00+09:00,10710.0,10870.0,10980.0,10700.0,365736.0
2025-03-25T00:00:00+09:00,10760.0,10770.0,10840.0,10570.0,258852.0
2025-03-26T00:00:00+09:00,10840.0,10750.0,10930.0,10680.0,225241.0
2025-03-27T00:00:00+09:00,10850.0,10840.0,10920.0,10600.0,174075.0
2025-03-28T00:00:00+09:00,11000.0,10930.0,11000.0,10720.0,294226.0
2025-03-31T00:00:00+09:00,10930.0,11000.0,11040.0,10730.0,287737.0
2025-04-01T00:00:00+09:00,11150.0,10970.0,11200.0,10960.0,284806.0
2025-04-02T00:00:00+09:00,10830.0,11200.0,11210.0,10820.0,221219.0
2025-04-03T00:00:00+09:00,11070.0,10690.0,11160.0,10630.0,259079.0
2025-04-04T00:00:00+09:00,11570.0,10900.0,11570.0,10900.0,719525.0
2025-04-07T00:00:00+09:00,11120.0,11390.0,11450.0,11010.0,482447.0
2025-04-08T00:00:00+09:00,11560.0,11230.0,11640.0,11160.0,461603.0
2025-04-09T00:00:00+09:00,11210.0,11480.0,11540.0,11120.0,293151.0
2025-04-10T00:00:00+09:00,11420.0,11590.0,11610.0,11320.0,267575.0
2025-04-11T00:00:00+09:00,11530.0,11380.0,11620.0,11300.0,260180.0
2025-04-14T00:00:00+09:00,11640.0,11580.0,11700.0,11450.0,267685.0
2025-04-15T00:00:00+09:00,12000.0,11680.0,12100.0,11610.0,548693.0
2025-04-16T00:00:00+09:00,12030.0,11990.0,12200.0,11950.0,368285.0
2025-04-17T00:00:00+09:00,12180.0,12140.0,12410.0,11940.0,468739.0
2025-04-18T00:00:00+09:00,12140.0,12200.0,12320.0,12080.0,301656.0
2025-04-21T00:00:00+09:00,12260.0,12230.0,12390.0,12100.0,303330.0
2025-04-22T00:00:00+09:00,12260.0,12180.0,12400.0,12160.0,293694.0
2025-04-23T00:00:00+09:00,12270.0,12330.0,12350.0,12000.0,321931.0
2025-04-24T00:00:00+09:00,12010.0,12220.0,12220.0,11910.0,222746.0
2025-04-25T00:00:00+09:00,12030.0,11960.0,12060.0,11720.0,248287.0
2025-04-28T00:00:00+09:00,12260.0,12050.0,12340.0,11980.0,365125.0
2025-04-29T00:00:00+09:00,12330.0,12300.0,12370.0,12160.0,236351.0
2025-04-30T00:00:00+09:00,12350.0,12310.0,12530.0,12280.0,247818.0
2025-05-02T00:00:00+09:00,12360.0,12380.0,12380.0,12220.0,128299.0
2025-05-07T00:00:00+09:00,12380.0,12200.0,12400.0,12040.0,192638.0
2025-05-08T00:00:00+09:00,12400.0,12350.0,12420.0,12290.0,97574.0
2025-05-09T00:00:00+09:00,12480.0,12410.0,12490.0,12350.0,186974.0
2025-05-12T00:00:00+09:00,12490.0,12470.0,12500.0,12310.0,181092.0
2025-05-13T00:00:00+09:00,12740.0,12570.0,12800.0,12420.0,319886.0
2025-05-14T00:00:00+09:00,12900.0,12750.0,12980.0,12750.0,357710.0
2025-05-15T00:00:00+09:00,13070.0,12900.0,13190.0,12810.0,391351.0
2025-05-16T00:00:00+09:00,13190.0,13130.0,13230.0,13000.0,366520.0
2025-05-19T00:00:00+09:00,13350.0,13080.0,13520.0,13060.0,366912.0
2025-05-20T00:00:00+09:00,13550.0,13400.0,13550.0,13070.0,349672.0
2025-05-21T00:00:00+09:00,13450.0,13540.0,13700.0,13320.0,313066.0
2025-05-22T00:00:00+09:00,13550.0,13360.0,13810.0,13300.0,391138.0
2025-05-23T00:00:00+09:00,13230.0,13410.0,13580.0,13210.0,396257.0
2025-05-26T00:00:00+09:00,13120.0,13200.0,13300.0,12860.0,542352.0
2025-05-27T00:00:00+09:00,13280.0,13150.0,13380.0,13130.0,219080.0
2025-05-28T00:00:00+09:00,13010.0,13340.0,13490.0,12970.0,349612.0
2025-05-29T00:00:00+09:00,12640.0,13030.0,13100.0,12590.0,745445.0
2025-05-30T00:00:00+09:00,12550.0,12650.0,12730.0,12430.0,399970.0
2025-06-02T00:00:00+09:00,12810.0,12550.0,12990.0,12410.0,595984.0
2025-06-04T00:00:00+09:00,13210.0,13020.0,13430.0,12970.0,572714.0
2025-06-05T00:00:00+09:00,13480.0,13110.0,13570.0,12980.0,659915.0
2025-06-09T00:00:00+09:00,13890.0,13640.0,14040.0,13600.0,845671.0
2025-06-10T00:00:00+09:00,13880.0,13850.0,13930.0,13620.0,318347.0
2025-06-11T00:00:00+09:00,13850.0,14000.0,14010.0,13680.0,246319.0
2025-06-12T00:00:00+09:00,14000.0,13900.0,14300.0,13880.0,415078.0
2025-06-13T00:00:00+09:00,13590.0,14050.0,14190.0,13450.0,368799.0
2025-06-16T00:00:00+09:00,13720.0,13600.0,13860.0,13500.0,289590.0
2025-06-17T00:00:00+09:00,13650.0,13830.0,13940.0,13430.0,432638.0
2025-06-18T00:00:00+09:00,14110.0,13730.0,14220.0,13650.0,895503.0
2025-06-19T00:00:00+09:00,14630.0,14420.0,14680.0,14320.0,1475135.0
2025-06-20T00:00:00+09:00,14540.0,14590.0,14590.0,14260.0,579539.0
2025-06-23T00:00:00+09:00,14540.0,14270.0,14550.0,14060.0,525403.0
2025-06-24T00:00:00+09:00,14860.0,14650.0,15000.0,14330.0,639303.0
2025-06-25T00:00:00+09:00,14950.0,14890.0,15040.0,14730.0,504436.0
2025-06-26T00:00:00+09:00,14970.0,15080.0,15080.0,14550.0,356744.0
2025-06-27T00:00:00+09:00,15000.0,14930.0,15020.0,14600.0,339001.0
2025-06-30T00:00:00+09:00,15270.0,15000.0,15370.0,15000.0,399964.0
2025-07-01T00:00:00+09:00,14660.0,15310.0,15330.0,14590.0,756330.0
2025-07-02T00:00:00+09:00,15090.0,14800.0,15230.0,14660.0,434059.0
2025-07-03T00:00:00+09:00,15560.0,15380.0,16330.0,15250.0,1943326.0
2025-07-04T00:00:00+09:00,16020.0,15560.0,16210.0,15310.0,1540664.0
2025-07-07T00:00:00+09:00,16790.0,16200.0,16940.0,16130.0,1704754.0
2025-07-08T00:00:00+09:00,17780.0,16570.0,17810.0,16560.0,1999107.0
2025-07-09T00:00:00+09:00,18000.0,17800.0,18120.0,17450.0,1114787.0
2025-07-10T00:00:00+09:00,18400.0,17970.0,18680.0,17760.0,1187194.0
2025-07-11T00:00:00+09:00,18780.0,18460.0,18950.0,17980.0,1250996.0
2025-07-14T00:00:00+09:00,18590.0,18940.0,18950.0,18340.0,757940.0
2025-07-15T00:00:00+09:00,18690.0,18480.0,18940.0,18350.0,644304.0
2025-07-16T00:00:00+09:00,18580.0,18900.0,19250.0,18570.0,852631.0
2025-07-17T00:00:00+09:00,18950.0,18500.0,18950.0,18300.0,873150.0
2025-07-18T00:00:00+09:00,19050.0,19100.0,19710.0,18600.0,1257476.0
2025-07-21T00:00:00+09:00,19320.0,19100.0,19480.0,18900.0,797647.0
2025-07-22T00:00:00+09:00,19500.0,19420.0,19930.0,18950.0,1195486.0
2025-07-23T00:00:00+09:00,19500.0,19720.0,19790.0,18750.0,936032.0
2025-07-24T00:00:00+09:00,19190.0,19490.0,19570.0,18950.0,709610.0
2025-07-25T00:00:00+09:00,18470.0,19110.0,19450.0,18150.0,1234484.0
2025-07-28T00:00:00+09:00,18420.0,18450.0,18870.0,18190.0,994423.0
2025-07-29T00:00:00+09:00,17830.0,18180.0,18210.0,17350.0,1334091.0
2025-07-30T00:00:00+09:00,17470.0,17820.0,17820.0,17090.0,1572244.0
2025-07-31T00:00:00+09:00,18110.0,17550.0,18240.0,17480.0,1017660.0
2025-08-01T00:00:00+09:00,17720.0,17900.0,17900.0,17460.0,616450.0
2025-08-04T00:00:00+09:00,18220.0,17700.0,18620.0,17700.0,876860.0
2025-08-05T00:00:00+09:00,18320.0,18350.0,18670.0,17940.0,671963.0
2025-08-06T00:00:00+09:00,18850.0,18320.0,18900.0,18260.0,1154191.0
2025-08-07T00:00:00+09:00,19500.0,19300.0,19670.0,19000.0,1553434.0
2025-08-08T00:00:00+09:00,21650.0,19750.0,22600.0,19690.0,5778587.0
